1stFlrSF,GarageArea,GrLivArea,TotalBsmtSF,BedroomAbvGr,BsmtExposure,BsmtFinType1,GarageFinish,GarageYrBlt,KitchenQual,OverallCond,OverallQual,YearBuilt,YearRemodAdd,SalePrice
856,548,1710,856,3,3,2,2,11,2,5,7,13,6,208500
1262,460,1262,1262,3,1,0,2,8,3,8,6,10,3,181500
920,608,1786,920,3,2,2,2,11,2,5,7,13,6,223500
961,642,1717,756,3,3,0,3,10,2,5,7,4,2,140000
1145,836,2198,1145,4,0,2,2,10,2,5,8,12,5,250000
796,480,1362,796,1,3,2,3,10,3,5,5,12,5,143000
1694,636,1694,1686,3,0,2,2,11,2,5,8,13,6,307000
1107,484,2090,1107,3,2,0,3,8,3,6,7,10,3,200000
1022,468,1774,952,2,3,6,3,4,3,5,7,6,0,129900
1077,205,1077,991,2,3,2,2,4,3,6,5,6,0,118000
1040,384,1040,1040,3,3,5,3,7,3,5,5,9,2,129500
1182,736,2324,1175,4,3,6,0,11,0,5,9,13,6,345000
912,352,912,912,2,3,0,3,7,3,6,5,9,2,144000
1494,840,1494,1494,3,0,6,2,11,2,5,7,13,6,279500
1253,352,1253,1253,3,3,1,2,6,3,5,6,8,1,157000
854,576,854,832,2,3,6,3,10,3,8,7,5,6,132000
1004,480,1004,1004,2,3,0,0,7,3,7,6,9,2,149000
1296,516,1296,0,2,4,4,3,7,3,5,4,9,2,90000
1114,576,1114,1114,3,3,2,3,11,2,5,5,13,6,159000
1339,294,1339,1029,3,3,3,3,6,3,6,5,8,2,139000
1158,853,2376,1158,4,0,6,2,11,2,5,8,13,6,325300
1108,280,1108,637,3,3,6,3,3,2,7,7,5,0,139400
1795,534,1795,1777,3,3,6,2,11,2,5,8,13,6,230000
1060,572,1060,1040,3,3,2,3,8,3,7,5,10,3,129900
1060,270,1060,1060,3,2,5,3,7,2,8,5,9,6,154000
1600,890,1600,1566,3,3,6,2,11,2,5,8,13,6,256300
900,576,900,900,3,2,6,3,11,2,7,5,8,5,134800
1704,772,1704,1704,3,3,2,3,11,2,5,8,13,6,306000
1600,319,1600,1484,2,1,1,2,6,3,6,5,8,5,207500
520,240,520,520,1,3,6,3,2,1,6,4,5,0,68500
649,250,1317,649,3,3,6,3,2,3,4,4,4,0,40000
1228,271,1228,1228,3,3,6,3,7,2,6,5,9,6,149350
1234,484,1234,1234,3,0,6,2,11,2,5,8,13,6,179900
1700,447,1700,1398,4,3,5,2,6,2,5,5,8,1,165500
1561,556,1561,1561,2,3,2,0,11,0,5,9,13,6,277500
1132,691,2452,1117,4,0,6,3,11,2,5,8,13,6,309000
1097,672,1097,1097,3,3,6,3,10,3,5,5,12,5,145000
1297,498,1297,1297,3,3,5,0,6,3,6,5,8,4,153000
1057,246,1057,1057,3,3,2,3,6,2,7,5,8,6,109000
1152,0,1152,0,3,4,4,1,12,1,5,4,8,1,82000
1324,440,1324,1088,3,3,5,3,7,3,5,6,9,2,160000
1328,308,1328,1350,2,1,1,3,6,3,6,5,8,1,170000
884,504,884,840,2,0,0,2,9,2,7,5,11,4,144000
938,308,938,938,3,0,3,3,8,3,6,5,10,3,130250
1150,300,1150,1150,3,3,0,2,6,3,6,5,8,1,141000
1752,576,1752,1752,2,3,2,2,11,0,5,9,13,6,319900
1518,670,2149,1434,1,3,2,2,11,2,5,7,13,6,239686
1656,826,1656,1656,3,0,2,3,11,2,5,8,13,6,249700
736,0,1452,736,2,3,6,1,12,3,5,4,4,6,113000
955,386,955,955,3,3,1,3,7,3,7,5,9,2,127000
794,388,1470,794,3,0,2,0,10,3,6,6,12,5,177000
816,528,1176,816,3,3,6,3,9,3,6,6,6,0,114500
816,516,816,816,2,1,3,3,7,3,5,5,9,2,110000
1842,894,1842,1842,0,1,2,0,9,2,5,9,11,4,385000
1360,572,1360,384,3,3,0,3,7,3,5,5,8,1,130000
1425,576,1425,1425,3,3,6,2,7,3,5,6,9,2,180500
983,480,1739,970,3,3,2,0,10,2,5,8,12,5,172500
860,565,1720,860,3,3,6,2,11,2,5,7,13,6,196500
1426,641,2945,1410,3,1,6,0,11,2,5,10,13,6,438780
780,352,780,780,2,0,0,3,8,3,7,5,10,3,124900
1158,576,1158,1158,3,3,0,3,11,2,5,6,13,6,158000
581,288,1111,530,3,3,6,3,4,1,7,5,4,5,101000
1370,484,1370,1370,2,2,2,2,11,2,5,8,13,6,202500
902,480,1710,576,3,3,6,3,9,3,6,7,5,0,140000
1057,645,2034,1057,3,3,2,2,10,2,5,7,12,5,219500
1143,852,2473,1143,4,0,6,3,11,2,5,8,13,6,317000
2207,576,2207,1947,3,1,2,2,7,3,5,7,9,4,180000
1479,558,1479,1453,3,0,2,2,11,2,5,7,13,6,226000
747,220,747,747,2,3,6,3,5,3,6,4,7,0,80000
1304,667,2287,1304,3,3,1,0,6,3,4,7,8,1,225000
2223,516,2223,2223,3,1,0,0,8,3,6,7,10,3,244000
845,360,845,845,2,3,0,3,9,3,6,4,11,6,129500
885,427,1718,832,3,3,6,0,10,3,5,7,12,5,185000
1086,490,1086,1086,3,3,0,3,9,3,7,5,8,6,144900
840,379,1605,840,3,3,6,3,2,3,6,3,4,0,107400
526,297,988,462,2,1,2,3,8,3,5,4,10,3,91000
952,283,952,952,2,3,0,3,6,3,7,4,8,1,135750
1072,240,1285,672,2,3,1,3,5,3,5,5,7,6,127000
1768,0,1768,1768,4,3,6,1,12,3,5,4,9,2,136500
682,440,1230,440,2,3,6,3,7,3,6,5,3,4,110000
1182,509,2142,896,3,3,5,0,7,2,6,6,9,2,193500
1337,405,1337,1237,2,3,2,0,10,3,5,6,12,5,153500
1563,758,1563,1563,3,3,2,2,11,2,5,8,13,6,245000
1065,461,1065,1065,3,3,6,3,8,3,5,5,8,1,126500
804,400,1474,384,3,3,6,0,10,3,5,7,12,5,168500
1301,462,2417,1288,4,3,6,3,10,2,5,8,12,5,260000
684,400,1560,684,3,0,6,0,11,2,5,6,13,6,174000
612,528,1224,612,3,0,6,2,11,2,5,6,13,6,164500
1013,0,1526,1013,2,3,6,1,12,1,2,3,4,4,85000
990,0,990,990,3,3,6,1,12,3,5,4,12,5,123600
1040,420,1040,0,2,4,6,3,5,3,5,4,7,0,109900
1235,480,1235,1235,2,3,5,3,7,3,3,5,9,2,98600
964,432,964,876,2,3,0,3,3,3,7,5,5,6,163500
1260,506,2291,1214,4,2,5,3,0,3,6,6,3,5,133900
905,684,1786,824,3,3,2,2,10,2,5,6,12,5,204750
680,420,1470,680,3,3,6,0,10,3,8,6,12,5,185000
1588,472,1588,1588,3,0,0,2,10,2,5,7,12,5,214000
960,432,960,960,3,3,5,0,7,3,5,4,9,2,94750
835,366,835,458,2,3,0,3,2,3,5,5,4,0,83000
1225,0,1225,950,3,3,0,1,12,3,5,4,8,1,128950
1610,480,1610,1610,3,2,0,2,8,2,7,6,10,6,205000
977,476,1732,741,3,3,6,0,9,2,5,6,11,4,178000
1535,410,1535,0,4,4,4,3,8,3,5,5,10,3,118964
1226,740,1226,1226,3,3,6,2,11,2,5,7,13,6,198900
1226,240,1818,1040,4,3,3,3,6,3,4,7,6,0,169500
1053,648,1992,1053,3,3,6,2,11,2,5,8,13,6,250000
1047,273,1047,641,2,3,6,3,6,3,7,4,1,5,100000
789,250,789,789,2,3,0,3,5,3,5,5,7,0,115000
997,0,1517,793,3,3,6,1,12,1,7,5,4,6,115000
1844,546,1844,1844,3,3,1,2,8,3,6,6,10,3,190000
1216,325,1855,994,4,3,5,3,6,3,4,6,8,3,136900
774,400,1430,384,3,3,2,0,10,3,5,7,12,5,180000
1282,792,2696,1264,4,0,2,3,11,0,5,7,13,6,383970
2259,450,2259,1809,3,2,6,3,6,2,5,6,8,1,217000
1436,180,2320,1028,3,3,0,3,5,2,8,6,7,6,259500
729,440,1458,729,2,3,2,3,10,3,5,6,12,5,176000
1092,288,1092,1092,3,3,3,3,7,3,5,5,9,2,139000
1125,430,1125,1125,2,3,6,3,11,3,5,5,13,6,155000
1699,594,3222,1673,5,2,2,3,9,2,5,7,11,4,320000
728,390,1456,728,3,3,6,0,11,2,5,6,13,6,163990
988,540,988,938,1,1,0,3,7,3,5,6,9,2,180000
772,264,1123,732,3,3,6,3,8,3,5,4,6,0,100000
1080,288,1080,1080,3,3,1,3,6,3,7,6,8,1,136000
1199,530,1199,1199,2,3,2,2,10,2,5,6,12,5,153900
1586,435,1586,1362,3,3,6,3,8,3,5,6,10,5,181000
520,0,754,520,2,0,2,3,12,3,8,6,6,4,84500
958,440,958,1078,2,3,0,2,8,3,5,6,10,3,128000
840,0,840,672,3,3,3,1,12,3,7,5,5,0,87000
660,453,1348,660,3,3,1,2,7,3,5,6,9,2,155000
1053,750,1053,1008,3,3,5,2,10,0,7,5,8,5,150000
1216,487,2157,924,4,3,5,3,7,2,6,7,9,2,226000
1022,390,2054,992,3,3,2,2,10,2,5,6,12,5,244000
1327,624,1327,1063,3,3,5,3,8,2,6,5,8,6,150750
1296,471,1296,1267,2,3,2,0,11,2,5,8,13,6,220000
1721,440,1721,1461,3,3,5,2,7,3,6,5,9,5,180000
1682,530,1682,1304,3,3,6,3,7,3,6,7,9,2,174000
1214,318,1214,1214,3,3,1,2,7,3,5,5,9,2,143000
1959,766,1959,1907,5,3,6,3,9,3,5,7,11,4,171000
1004,660,1852,1004,3,2,2,0,10,2,5,8,12,5,230000
928,470,1764,928,3,3,2,2,10,2,5,6,12,5,231500
864,0,864,864,3,3,0,1,12,3,5,4,10,3,115000
1734,660,1734,1734,3,0,2,3,11,2,5,7,13,6,260000
910,720,1385,910,4,3,5,3,10,3,4,5,8,1,166000
1501,577,1501,1490,3,1,2,2,10,2,5,7,12,5,204000
1728,504,1728,1728,6,3,5,3,7,3,5,5,9,2,125000
970,380,1709,970,3,3,6,3,11,2,5,6,13,6,130000
875,180,875,715,2,3,1,3,4,3,7,5,6,5,105000
884,434,2035,884,3,3,6,0,11,2,5,7,13,6,222500
1080,0,1080,1080,3,3,2,1,12,2,5,7,13,6,141000
896,240,1344,896,3,3,6,3,4,3,4,5,6,0,115000
969,440,969,969,3,0,1,3,8,3,6,5,10,3,122000
1710,866,1710,1710,2,1,6,2,11,2,5,8,13,6,372402
1097,495,1993,825,4,3,5,2,8,3,5,6,10,3,190000
1252,564,1252,1602,1,1,1,2,6,3,7,6,8,3,235000
1200,312,1200,1200,4,3,6,3,3,3,5,6,5,0,125000
572,0,1096,572,2,3,6,1,12,3,5,6,5,0,79000
1040,625,1040,0,2,4,4,3,5,3,7,5,7,0,109500
774,680,1968,774,4,3,6,0,11,0,5,8,13,6,269500
991,678,1947,991,3,3,2,2,11,2,5,7,13,6,254900
1392,576,2462,1392,4,2,2,2,11,2,5,7,13,6,320000
1232,516,1232,1232,3,3,1,3,9,3,6,6,11,4,162500
1572,726,2668,1572,3,0,2,0,11,0,5,9,13,6,412500
1541,532,1541,1541,3,2,6,3,11,2,5,7,13,6,220000
882,0,882,882,1,3,6,1,12,3,6,4,8,1,103200
1149,216,1616,1149,3,2,3,3,3,2,7,6,5,6,152000
808,0,1355,644,4,3,0,1,12,3,7,5,6,5,127500
1867,303,1867,1617,2,3,3,0,6,3,5,5,8,5,190000
1610,789,2161,1582,3,3,2,0,11,0,5,8,13,6,325624
840,440,1720,840,3,3,6,0,11,2,5,7,13,6,183500
1707,511,1707,1686,2,3,6,2,9,3,6,8,11,4,228000
854,660,1382,720,2,3,5,3,10,3,6,5,7,0,128500
1656,528,1656,1080,3,1,1,0,6,3,5,6,8,1,215000
1064,504,1767,1064,2,3,2,2,9,2,7,7,11,4,239000
1362,504,1362,1362,3,3,0,3,7,3,5,6,9,2,163000
1651,616,1651,1606,3,3,0,0,9,3,5,6,11,4,184000
2158,576,2158,1202,4,0,0,3,5,2,7,6,7,6,243000
1164,521,2060,1151,4,3,2,3,9,3,5,6,11,4,211000
1252,451,1920,1052,4,3,0,3,6,2,5,5,8,1,172500
2234,1166,2234,2216,1,3,2,0,11,0,5,9,13,6,501837
968,480,968,968,2,3,6,3,4,3,6,5,5,6,100000
769,440,1525,756,3,3,2,3,10,2,5,6,12,5,177000
901,216,1802,793,4,3,3,3,2,3,6,7,4,0,200100
1340,252,1340,0,3,4,6,3,6,3,6,5,8,6,120000
1362,484,2082,1362,3,3,6,3,11,2,5,7,13,6,200000
936,576,1252,504,3,3,6,3,9,3,8,5,3,5,127000
1518,840,3608,1107,4,2,6,3,10,0,9,10,2,5,475000
1217,497,1217,1188,3,0,2,3,9,2,5,7,11,5,173000
808,180,1656,660,3,3,6,3,2,3,7,5,4,4,135000
1224,528,1224,1086,2,0,2,3,8,3,5,5,10,3,153337
1593,682,1593,1593,0,0,2,0,11,0,5,8,13,6,286000
1549,440,2727,853,3,3,5,3,4,2,8,8,6,5,315000
725,484,1479,725,4,3,0,0,8,2,9,7,10,6,184000
1431,666,1431,1431,3,0,2,0,10,2,5,7,12,5,192000
970,380,1709,970,3,3,6,3,11,2,5,7,13,6,130000
864,352,864,864,3,0,0,3,9,3,7,5,10,3,127000
855,440,1456,855,3,3,0,3,8,3,6,6,10,3,148500
1726,786,1726,1726,3,3,6,3,11,0,5,7,13,6,311872
1360,795,3112,1360,3,3,6,3,2,2,4,8,4,4,235000
929,0,2229,755,5,3,6,1,12,3,6,6,4,0,104000
1713,856,1713,1713,3,0,2,0,11,0,5,8,13,6,274900
1121,440,1121,1121,2,3,6,2,11,3,5,4,13,6,140000
1279,473,1279,1196,3,3,0,3,8,3,6,6,10,3,171500
865,398,1310,617,2,3,3,3,3,3,6,6,5,0,112000
848,420,848,848,1,0,2,2,11,2,5,6,13,6,149000
720,240,1284,720,2,3,3,3,5,3,7,5,7,0,110000
1442,500,1442,1424,3,3,6,3,9,3,5,7,11,4,180500
1696,349,1696,1140,3,3,6,3,7,3,5,5,9,2,143900
1100,312,1100,1100,3,3,0,2,6,3,5,4,8,1,141000
1180,454,2062,1157,3,1,2,3,9,3,5,7,11,4,277000
1092,504,1092,1092,3,3,5,2,7,3,7,6,9,2,145000
864,0,864,864,2,3,5,1,12,3,6,5,5,0,98000
1212,460,1212,1212,3,2,2,2,11,2,5,6,13,6,186000
932,644,1852,900,3,3,2,2,11,2,5,7,13,6,252678
990,576,990,990,3,3,0,3,10,3,5,5,12,5,156000
689,299,1392,689,3,3,2,0,8,3,7,6,10,3,161750
1236,447,1236,1070,2,3,1,3,6,2,6,5,8,5,134450
1436,484,1436,1436,3,2,2,3,11,2,5,7,13,6,210000
810,210,1328,686,3,3,6,3,4,3,4,4,5,0,107000
1137,431,1954,798,3,3,1,3,4,2,9,7,6,6,311500
1248,438,1248,1248,2,0,2,0,11,2,5,7,13,6,167240
1498,675,1498,1498,2,2,6,3,11,2,5,7,13,6,204900
1010,390,2267,1010,4,3,6,2,11,2,5,6,13,6,200000
811,434,1552,713,3,3,0,2,8,3,6,6,10,3,179900
864,576,864,864,2,3,0,3,9,3,6,4,10,3,97000
2392,968,2392,2392,3,1,2,0,11,0,5,10,13,6,386250
630,280,1302,630,3,3,6,3,10,3,5,5,10,3,112000
1214,721,2520,1203,4,3,2,3,10,2,5,7,12,5,290000
483,280,987,483,3,3,5,3,9,3,6,6,9,2,106000
912,336,912,912,3,3,0,3,8,3,5,5,9,2,125000
1555,430,1555,1373,2,0,2,0,11,2,5,7,13,6,192500
1194,312,1194,1194,3,3,6,2,6,3,6,6,8,1,148000
1490,810,2794,1462,4,3,6,0,10,0,5,8,12,5,403000
483,288,987,483,2,3,6,3,8,3,5,6,10,3,94500
894,308,894,894,3,0,3,3,8,3,6,5,10,3,128200
860,440,1960,860,4,3,2,0,11,2,5,6,13,6,216500
483,264,987,483,2,3,0,3,8,3,3,6,10,3,89500
1414,494,1414,1414,3,0,2,2,11,2,5,7,13,6,185500
1014,457,1744,996,3,3,1,2,10,2,7,7,12,6,194500
1694,818,1694,1694,3,3,6,0,11,2,5,8,13,6,318000
798,220,1487,735,3,3,3,3,5,3,4,6,7,0,113000
1566,750,1566,1566,3,0,2,2,11,2,5,8,13,6,262500
866,0,866,686,2,3,0,1,12,2,9,5,7,5,110500
889,352,1440,540,3,3,6,3,4,3,4,5,2,0,79000
626,288,1217,626,3,3,6,2,8,3,6,6,10,3,120000
1222,463,2110,948,3,3,2,2,10,2,5,7,12,6,205000
1872,604,1872,1845,3,0,2,3,9,3,5,7,11,4,241500
908,440,1928,1020,4,3,6,3,1,1,8,6,3,0,137000
1375,451,1375,1367,2,3,6,3,6,3,5,6,8,1,140000
840,500,1668,840,3,3,6,2,11,2,5,7,13,6,180000
1444,389,2144,1444,4,1,5,0,6,2,7,6,8,6,277000
1306,0,1306,728,3,3,6,1,12,1,2,3,6,2,76500
1625,538,1625,1573,2,1,6,3,11,2,5,8,13,6,235000
798,520,1640,798,3,3,6,2,11,2,5,6,13,6,173000
1302,309,1302,1302,3,1,3,2,7,2,7,6,9,5,158000
1314,294,1314,1314,3,3,5,2,6,3,6,5,8,1,145000
1005,429,2291,975,4,3,6,0,10,2,5,7,12,5,230000
864,673,1728,864,3,3,5,2,11,2,5,6,13,6,207500
1604,660,1604,1604,3,3,2,2,11,2,5,7,13,6,220000
963,564,1792,963,3,3,2,2,11,2,5,7,13,6,231500
882,308,882,0,2,4,4,3,6,3,5,5,8,1,97000
1382,884,1382,1362,3,1,5,3,10,3,5,6,9,2,176000
1482,868,2574,1482,3,3,6,0,11,0,5,8,13,6,276000
1212,492,1212,506,3,0,0,3,8,3,7,6,10,5,151000
926,484,1316,926,3,3,3,3,8,3,7,5,5,6,130000
764,504,764,680,2,3,6,3,7,3,5,5,5,6,73000
1422,576,1422,1422,3,3,6,0,9,2,6,6,11,4,175500
802,413,1511,802,3,0,2,0,10,3,5,6,12,5,185000
1052,240,2192,720,4,3,6,3,4,2,8,5,6,5,179500
778,924,778,740,2,3,0,3,7,3,6,5,6,1,120500
1113,504,1113,1143,3,3,1,2,9,3,7,6,10,3,148000
1095,1053,1939,1095,3,2,6,2,11,2,5,8,13,6,266000
1363,439,1363,1385,2,1,3,3,6,3,7,7,8,6,241500
1164,671,2270,1152,4,3,2,0,10,2,7,8,12,6,290000
1632,338,1632,1240,3,3,5,2,6,3,6,6,8,4,139000
816,264,816,816,3,1,0,3,9,3,7,5,11,4,124500
952,672,1548,952,3,3,6,3,8,0,7,7,5,6,205000
1560,573,1560,1560,3,3,6,0,11,2,5,7,13,6,201000
864,400,864,864,2,3,3,3,6,3,5,4,8,1,141000
2121,732,2121,2121,3,1,6,0,11,0,5,9,13,6,415298
1156,505,2022,1160,4,3,1,0,8,3,5,7,10,3,192000
1175,575,1982,807,3,0,2,3,9,2,6,7,11,4,228500
1262,572,1262,1262,3,3,2,3,11,2,5,6,13,6,185000
1314,626,1314,1314,2,3,2,2,11,2,5,7,13,6,207500
1468,898,1468,1468,3,3,6,0,11,2,5,8,13,6,244600
1575,529,1575,1575,3,3,2,2,10,2,5,6,12,5,179200
625,528,1250,625,2,3,6,2,11,2,5,7,13,6,164700
1085,440,1734,912,3,3,5,3,7,2,7,6,9,4,159000
858,0,858,858,3,3,1,1,12,3,4,4,10,3,88000
900,280,900,882,3,3,1,3,7,3,5,5,9,2,122000
698,384,1396,698,3,3,6,3,11,3,7,6,4,6,153575
1079,685,1919,1079,3,0,6,2,11,2,5,8,13,6,233230
936,0,1716,780,6,3,6,1,12,1,6,5,4,5,135900
1148,281,1716,768,3,3,3,3,5,3,4,5,7,6,131000
1468,539,2263,795,3,3,0,0,8,2,7,7,10,5,235000
1644,418,1644,1416,3,3,2,0,6,3,5,6,8,1,167000
1003,588,1003,1003,3,0,2,3,9,3,6,6,11,4,142500
910,282,1558,910,4,3,1,3,5,3,5,5,7,0,152000
975,576,1950,975,3,3,6,2,10,2,5,7,12,5,239000
1041,539,1743,702,3,3,0,3,7,3,6,6,9,2,175000
1152,300,1152,1092,3,3,6,3,5,2,8,6,7,6,158500
1336,375,1336,1165,2,2,1,3,6,3,5,5,8,1,157000
1210,683,2452,1028,4,3,6,0,10,2,5,8,12,5,267000
1541,843,1541,1541,3,3,6,2,11,2,5,7,13,6,205000
894,552,894,894,3,3,0,3,8,3,7,5,10,3,149900
1675,870,3493,1470,3,3,6,3,11,2,9,7,0,6,295000
2000,888,2000,2000,3,3,2,3,11,2,5,8,13,6,305900
1122,746,2243,700,4,3,0,2,9,2,5,7,11,5,225000
1035,0,1406,319,3,3,6,1,12,1,7,6,4,0,89500
861,539,861,861,1,3,1,3,7,3,5,4,6,0,82500
1944,708,1944,1896,3,1,6,0,11,0,5,9,13,6,360000
697,420,1501,697,3,3,0,0,10,2,5,6,12,5,165600
972,240,972,972,2,3,0,3,5,3,6,6,7,6,132000
793,410,1118,793,3,2,5,3,4,3,7,5,6,0,119900
2036,513,2036,2136,3,1,0,2,7,3,5,7,9,2,375000
832,546,1641,728,3,3,3,3,3,0,7,7,5,4,178000
716,432,1432,716,3,3,6,0,11,2,5,7,13,6,188500
1153,484,2353,845,4,3,2,2,9,0,7,7,10,3,260000
1088,1025,1959,1088,3,0,6,2,11,2,5,8,13,6,270000
1372,656,2646,1347,3,1,2,2,10,2,5,7,12,5,260000
1472,588,1472,1372,3,0,2,3,8,3,5,7,10,3,187500
1249,840,2596,1249,4,0,6,2,11,2,5,9,13,6,342643
1136,872,2468,1136,4,0,2,3,11,2,5,8,13,6,354000
1553,576,2730,1502,4,1,3,3,9,2,5,7,11,4,301000
1163,220,1163,1162,3,3,0,3,6,3,8,3,8,6,126175
1898,564,2978,710,5,3,6,0,7,2,7,7,9,6,242000
803,360,803,720,2,0,1,3,5,3,6,5,7,0,87000
1719,473,1719,1719,1,1,2,0,10,2,5,8,12,5,324000
1383,292,1383,1383,3,3,5,3,6,3,5,6,8,1,145250
1445,441,2134,844,5,3,6,3,3,2,6,6,4,5,214500
596,189,1192,596,3,2,6,3,2,3,5,5,4,0,78000
1728,352,1728,1728,6,3,2,3,11,3,4,5,9,2,119000
1056,308,1056,1056,3,3,5,2,6,3,6,5,8,5,139000
1629,880,1629,3206,3,3,2,3,11,2,5,8,13,6,284000
1358,484,1358,1358,2,0,2,2,11,2,5,7,13,6,207000
943,472,1638,943,3,1,2,0,10,3,5,6,12,5,192000
1619,529,1786,1499,3,1,6,0,7,3,6,5,9,2,228950
1922,676,1922,1922,3,1,2,0,11,2,5,9,13,6,377426
1536,532,1536,1536,3,0,2,2,11,2,5,7,13,6,214000
1621,440,1621,1208,3,2,0,3,9,2,7,7,11,5,202500
1215,297,1215,1215,3,3,5,3,6,3,7,6,8,5,155000
993,431,1908,967,4,3,6,0,11,2,5,8,13,6,202900
841,294,841,721,2,3,6,3,5,3,4,4,7,0,82000
1040,400,1040,0,2,4,4,3,5,3,4,3,7,0,87500
1684,564,1684,1684,2,3,2,2,11,0,5,9,13,6,266000
536,336,1112,536,3,3,5,3,8,3,3,5,10,3,85000
972,312,1577,972,3,3,6,3,4,1,5,6,6,0,140200
958,301,958,958,2,2,1,2,6,3,8,6,8,5,151500
1478,498,1478,1478,3,3,1,3,6,3,5,6,8,1,157500
764,474,1626,764,2,3,2,2,11,2,5,7,13,6,154000
1848,706,2728,1848,4,3,2,0,11,0,5,9,13,6,437154
1869,617,1869,1869,2,3,6,2,11,0,5,9,13,6,318061
1453,445,1453,1453,3,1,2,2,9,2,5,7,11,4,190000
616,200,1111,616,3,2,3,3,5,3,6,5,7,0,95000
720,484,720,624,2,3,6,3,11,3,8,6,5,6,105900
1192,240,1595,940,2,3,3,3,4,3,5,6,6,5,140000
1200,521,1200,1200,3,3,0,2,10,2,5,6,12,5,177500
1167,400,1167,1158,3,3,2,2,10,2,6,6,12,5,173000
1142,528,1142,1142,3,3,0,0,8,3,5,5,10,3,134000
1352,288,1352,1062,3,0,1,3,6,2,4,5,8,1,130000
1086,592,1924,1086,3,0,2,2,10,2,5,8,12,5,280000
912,470,912,888,2,0,2,2,8,3,6,6,10,3,156000
988,240,1505,883,3,3,5,3,4,3,5,5,6,4,145000
495,672,1922,0,4,4,6,2,11,2,5,7,13,6,198500
483,264,987,483,3,3,0,3,8,2,8,6,10,6,118000
790,566,1574,796,3,2,2,0,8,3,5,6,10,3,190000
672,468,1344,672,3,3,5,3,7,3,7,5,4,5,147000
1394,514,1394,1394,3,3,1,2,7,3,5,6,9,2,159000
1431,296,1431,1099,3,1,2,2,7,3,5,6,9,2,165000
1268,244,1268,1268,2,3,3,0,6,3,6,5,8,1,132000
1287,576,1287,1063,3,3,0,0,10,2,7,5,8,6,162000
953,460,1664,953,3,3,6,2,10,3,5,6,12,5,172400
1120,680,1588,0,4,4,4,0,10,3,4,4,8,1,134432
752,264,752,744,2,3,0,3,9,3,5,6,11,4,125000
1319,270,1319,608,3,3,1,3,6,3,6,5,8,1,123000
847,434,1928,847,4,3,6,0,11,2,5,7,13,6,219500
904,0,904,683,1,1,1,1,12,1,1,1,5,0,61000
914,576,914,870,2,0,2,3,10,3,5,5,12,5,148000
1580,610,2466,1580,4,3,6,2,11,2,5,8,13,6,340000
1856,834,1856,1856,1,0,2,0,11,0,2,9,13,6,394432
1007,463,1800,982,3,3,6,0,10,3,5,6,12,5,179000
1026,308,1691,1026,3,3,3,3,3,2,6,5,5,0,127000
1301,572,1301,1293,2,3,6,2,11,2,5,7,13,6,187750
939,639,1797,939,3,0,6,3,11,2,5,7,13,6,213500
784,360,784,784,2,3,6,3,5,3,3,6,5,0,76000
1079,501,1953,1580,3,0,2,0,10,2,5,6,12,5,240000
1269,430,1269,1256,2,3,2,0,11,2,5,8,13,6,192000
658,0,1184,658,5,3,6,1,12,3,3,5,3,5,81000
1125,352,1125,1041,3,0,0,3,8,3,6,6,10,3,125000
1479,577,1479,1468,3,3,6,2,10,2,5,7,12,5,191000
1742,846,2332,1682,3,0,2,0,11,0,5,10,13,6,426000
961,384,1367,861,4,3,5,3,8,3,8,5,2,0,119000
804,560,1961,804,3,3,0,0,11,2,5,6,13,6,215000
882,294,882,0,3,4,4,2,6,3,7,5,8,1,106500
788,0,788,788,2,3,5,1,12,3,5,4,7,0,100000
735,240,1034,735,2,3,6,3,4,3,6,5,6,0,109000
1144,596,1144,1144,3,0,1,3,6,3,6,5,8,1,129000
894,600,894,894,2,0,5,2,9,3,5,5,10,3,123000
876,264,1812,864,4,3,0,2,7,3,5,5,9,2,169500
1077,338,1077,961,2,3,6,3,2,3,2,5,4,0,67000
1112,438,1550,1092,2,3,2,0,11,2,5,7,13,6,241000
1288,500,1288,1260,1,3,2,0,10,0,5,8,12,5,245500
1310,400,1310,1310,3,0,2,0,11,2,5,7,13,6,164990
672,240,672,672,2,3,6,3,4,3,8,5,6,5,108000
1165,420,2263,1141,4,3,6,0,10,2,5,8,12,5,258000
806,373,1572,806,3,3,6,0,10,3,5,6,12,5,168000
1620,490,1620,1281,3,3,1,3,10,3,4,4,10,5,150000
1166,240,1639,1064,3,3,6,3,4,3,5,6,6,0,115000
840,308,1680,840,3,3,6,3,6,3,7,6,4,3,177000
1071,947,2172,1063,3,3,6,2,11,2,5,7,13,6,280000
1050,836,2078,1034,3,3,2,0,11,0,5,8,13,6,339750
1276,350,1276,1276,3,3,6,3,6,3,3,5,8,1,60000
1056,572,1056,1056,3,2,5,0,6,3,5,5,8,1,145000
1478,484,1478,1470,2,0,2,0,11,2,5,7,13,6,222000
1028,360,1028,1008,2,3,6,3,3,3,6,5,5,0,115000
1080,678,2097,1080,3,3,1,3,10,2,5,7,12,5,228000
1340,396,1340,1340,3,0,2,0,11,2,5,7,13,6,181134
672,440,1400,672,3,3,0,0,8,3,7,6,10,3,149500
1370,864,2624,1370,4,3,1,3,2,3,6,6,4,0,239000
756,240,1134,756,3,3,0,3,4,3,6,5,6,0,126000
1056,304,1056,1056,3,3,1,3,7,3,6,5,9,2,142000
1344,784,1344,1344,3,1,2,0,10,3,5,7,12,5,206300
1602,529,1602,1602,3,3,0,0,8,2,7,6,10,5,215000
988,520,988,988,2,3,6,2,6,3,5,5,8,1,113000
1470,696,2630,1470,4,3,2,3,10,2,5,8,12,5,315000
1196,297,1196,1196,2,3,3,2,6,3,5,6,8,1,139000
707,240,1389,651,3,3,6,3,5,3,8,7,7,5,135000
1644,569,1644,1518,2,1,2,0,9,2,5,7,11,4,275000
907,352,907,907,3,3,5,3,7,3,6,4,8,1,109008
1208,628,1208,1208,2,3,2,2,11,2,5,7,13,6,195400
1412,576,1412,1392,3,2,2,3,9,2,5,6,11,4,175000
483,264,987,483,2,3,0,3,8,3,5,6,10,3,85400
1088,0,1198,901,4,3,6,3,12,3,7,6,4,5,79900
765,440,1365,765,2,3,0,3,8,3,5,5,10,3,122500
926,470,1604,926,3,3,6,0,10,3,5,6,12,5,181000
630,0,630,630,1,0,0,1,12,3,7,4,10,3,81000
827,550,1661,799,3,0,2,2,10,2,6,7,12,5,212000
734,440,1118,648,2,3,6,3,9,3,8,6,4,0,116000
904,180,904,884,2,3,6,3,3,3,7,6,5,6,119000
694,352,694,440,3,3,3,3,9,2,6,5,4,6,90350
684,528,1196,684,3,2,6,3,11,2,8,6,4,5,110000
2402,672,2402,3094,2,1,2,0,11,0,5,10,13,6,555000
1440,0,1440,1440,4,3,0,1,12,1,4,4,8,1,118000
1128,360,1573,1078,3,3,6,3,3,3,7,5,5,5,162900
1258,648,1258,1258,2,0,6,0,11,2,5,7,13,6,172500
933,493,1908,915,4,3,2,3,10,2,5,7,12,5,210000
1689,480,1689,1436,3,3,6,3,6,3,5,6,8,1,127500
1888,578,1888,1517,2,3,6,0,7,2,6,6,9,6,190000
956,431,1886,930,3,3,6,0,10,2,5,7,12,5,199900
780,198,1376,780,3,3,6,3,4,3,6,6,6,0,119500
679,308,1183,649,2,3,0,3,9,3,7,3,7,6,120000
813,270,813,813,2,3,6,3,4,2,8,6,5,6,110000
1533,576,1533,1533,2,1,0,3,8,2,5,7,10,3,280000
888,422,1756,872,3,3,0,0,10,3,5,6,12,5,204000
786,676,1590,768,3,3,6,2,11,2,5,8,13,6,210000
1728,560,1728,1728,4,3,0,3,8,3,5,5,10,3,188000
1242,528,1242,1242,3,3,0,3,8,3,6,7,10,3,175500
624,513,1344,624,4,3,6,3,2,3,5,5,4,0,98000
1663,529,1663,1364,2,1,1,3,6,2,6,4,8,5,256000
833,228,1666,588,3,3,6,3,3,2,7,8,5,5,161000
979,352,1203,709,3,3,3,3,5,2,4,5,7,0,110000
832,552,1935,832,3,3,2,0,11,3,5,8,13,6,263435
575,576,1135,560,3,3,0,2,8,2,9,7,6,6,155000
864,360,864,864,3,3,5,3,7,3,5,5,9,2,62383
849,240,1660,715,3,3,3,3,4,3,7,6,6,5,188700
1040,0,1040,1040,3,3,5,1,12,3,5,5,10,3,124000
1414,398,1414,1375,2,3,6,0,11,2,5,7,13,6,178740
1277,526,1277,1277,2,1,2,3,7,3,5,7,9,2,167000
888,312,1644,728,3,3,3,3,5,2,7,5,7,5,146500
1634,866,1634,1626,3,3,6,3,11,2,5,8,13,6,250000
832,506,1710,832,3,3,2,2,10,2,5,6,12,5,187000
1502,528,1502,1488,1,0,2,2,9,2,5,8,11,4,212000
1161,534,1969,808,3,3,6,2,8,3,6,7,10,3,190000
1072,525,1072,547,2,1,6,3,11,3,5,6,13,6,148000
1976,908,1976,1976,2,1,6,2,11,2,5,8,13,6,440000
1652,499,1652,1494,2,0,2,2,10,0,5,8,12,5,251000
970,624,970,970,2,3,2,3,10,3,6,5,9,2,132500
1493,508,1493,1478,3,1,2,0,10,2,5,6,12,5,208900
2069,694,2643,2153,3,0,6,0,11,0,5,9,13,6,380000
1718,826,1718,1705,3,1,2,2,11,2,5,8,13,6,297000
1131,672,1131,907,3,3,5,3,10,3,7,4,6,5,89471
1850,772,1850,1833,3,1,2,0,11,2,5,9,13,6,326000
1792,874,1792,1792,2,1,2,0,11,0,5,9,13,6,374000
916,164,1826,910,4,3,0,3,2,0,8,7,4,6,155000
1216,402,1216,1216,2,3,2,3,10,3,5,6,12,5,164000
999,264,999,999,3,3,0,3,7,2,7,5,9,6,132500
1113,264,1113,1113,3,3,0,3,5,2,7,5,7,6,147000
1073,515,1073,1073,3,3,0,2,7,3,7,5,9,2,156000
1484,487,1484,1484,3,0,0,3,8,3,6,5,10,3,175000
1766,520,2414,954,3,3,1,3,7,3,4,5,2,2,160000
630,286,630,630,3,0,2,3,7,2,8,4,9,6,86000
616,336,1304,264,3,2,6,0,8,3,6,5,10,3,115000
958,240,1578,806,3,3,1,3,5,1,7,6,7,0,133000
728,429,1456,728,3,3,6,2,11,3,5,6,13,6,172785
1269,308,1269,1269,3,3,1,3,7,3,6,5,8,1,155000
886,273,886,190,2,3,6,3,4,3,8,5,6,5,91300
720,0,720,720,2,3,5,1,12,3,5,4,4,0,34900
3228,546,3228,3200,3,3,2,3,10,2,5,8,12,5,430000
1133,240,1820,1026,4,3,5,3,3,3,6,7,5,0,184000
899,288,899,864,3,3,0,0,7,2,7,5,9,6,130000
912,297,912,912,2,3,1,0,6,3,7,5,8,4,120000
672,264,1218,672,3,3,1,3,8,3,5,6,10,3,113000
866,603,1768,866,3,3,2,2,11,2,5,7,13,6,226700
1214,461,1214,1214,2,3,0,3,7,3,7,5,9,2,140000
1801,484,1801,1501,1,3,0,0,6,3,8,7,8,5,289000
855,440,1322,855,3,3,0,3,8,3,5,6,10,3,147000
960,400,1960,960,4,3,6,3,6,3,5,5,8,1,124500
1065,471,1911,777,3,3,6,2,10,2,5,8,12,5,215000
1218,676,1218,1218,2,3,2,0,11,2,5,6,13,6,208300
689,360,1378,689,3,3,5,3,3,2,9,7,5,6,161000
1041,270,1041,1041,3,3,0,2,6,3,6,5,8,1,124500
1363,288,1363,1008,2,3,1,3,6,3,7,5,8,5,164900
1368,474,1368,1368,2,3,6,3,11,2,5,7,13,6,202665
864,624,864,864,3,3,1,3,7,3,5,5,8,1,129900
1080,484,1080,1084,3,3,0,3,9,3,5,6,11,4,134000
789,200,789,768,2,3,6,3,3,3,5,5,5,0,96500
2020,900,2020,2006,3,3,2,0,11,0,5,10,13,6,402861
1378,583,2119,689,3,3,6,3,8,3,6,6,10,3,158000
1277,889,2344,1264,3,3,6,2,10,2,5,7,12,5,265000
882,546,1796,794,3,2,2,2,10,3,5,6,12,5,211000
1276,282,2080,1276,3,3,6,3,3,2,9,7,5,6,234000
694,0,1294,0,3,4,4,1,12,3,7,4,2,5,106250
1244,336,1244,1244,3,3,5,3,6,3,6,6,8,1,150000
1004,420,1664,1004,3,3,0,3,5,3,7,6,7,0,159000
3138,884,4676,3138,3,1,2,0,11,0,5,10,13,6,184750
1383,834,2398,1379,3,3,6,0,10,2,5,7,12,5,315750
1266,453,1266,1257,3,3,6,3,11,2,5,7,13,6,176000
928,252,928,928,2,3,5,3,6,3,7,5,8,5,132000
1476,858,2713,1452,3,0,2,0,11,0,5,9,13,6,446261
605,0,605,528,2,2,6,3,12,3,7,4,4,6,86000
2515,484,2515,2035,4,3,5,3,8,3,3,6,8,3,200624
1509,600,1509,1461,3,0,2,2,9,2,5,6,11,4,175000
751,502,1362,611,3,2,6,0,2,3,8,6,4,5,128000
827,392,827,0,2,4,4,3,7,3,7,5,8,6,107500
334,0,334,0,1,4,4,1,12,1,3,1,7,0,39300
707,403,1414,707,3,0,6,0,11,2,5,8,13,6,178000
820,0,1347,1117,3,1,2,1,12,3,7,5,3,5,107500
880,527,1724,880,3,0,6,0,10,2,5,7,12,5,188000
864,576,864,864,3,3,1,3,8,3,5,4,10,3,111250
1159,336,1159,1051,3,3,1,3,7,3,5,5,9,2,158000
1601,670,1601,1581,3,0,2,2,11,2,5,8,13,6,272000
1838,765,1838,1838,2,0,2,3,11,0,5,9,13,6,315000
997,648,2285,969,4,3,6,0,10,2,5,8,12,5,248000
1680,583,1680,1650,3,3,3,0,10,2,5,7,12,5,213250
767,367,767,723,1,0,2,0,10,3,5,7,12,5,133000
664,426,1496,654,3,0,2,2,11,2,5,7,13,6,179665
1377,786,2183,1204,4,3,2,3,9,2,5,7,11,4,229000
915,440,1635,1065,3,3,5,3,5,3,7,6,5,0,210000
768,624,768,768,2,0,0,3,9,3,7,5,9,2,129500
825,720,825,825,2,3,3,2,7,3,7,5,8,5,125000
912,615,2094,912,4,3,6,0,11,2,5,7,13,6,263000
1069,440,1069,1069,2,3,0,2,8,3,6,6,10,3,140000
928,288,928,928,3,3,5,0,6,3,6,5,8,1,112500
1717,908,1717,1709,3,0,6,2,11,2,5,8,13,6,255500
1126,520,1126,0,2,4,4,0,11,2,5,4,7,6,108000
1006,871,2046,998,3,3,2,2,11,2,5,7,13,6,284000
1048,280,1048,993,2,3,6,3,3,3,6,5,5,0,113000
1092,299,1092,1092,2,3,5,0,6,3,5,5,8,1,141000
897,570,1336,637,3,3,5,3,10,3,6,4,4,0,108000
729,406,1446,729,3,1,2,3,10,3,5,7,12,5,175000
1557,420,1557,1374,2,1,6,0,11,2,5,7,13,6,234000
1392,528,1392,1392,3,3,6,3,6,3,6,5,8,5,121500
1389,418,1389,1389,2,0,0,2,8,3,5,5,10,3,170000
996,0,996,996,3,3,1,1,12,3,6,5,6,2,108000
1163,396,1674,1163,4,2,6,0,6,3,7,6,4,0,185000
1166,590,2295,1095,4,3,2,2,10,2,5,7,12,5,268000
841,216,1647,806,4,3,6,3,2,1,4,6,4,0,128000
1134,656,2504,1122,4,3,6,0,11,0,5,9,13,6,325000
1535,532,1535,1517,3,3,2,2,11,2,5,7,13,6,214000
1496,612,2132,1496,1,1,2,0,9,2,8,8,11,6,316600
943,600,943,943,2,1,2,3,8,3,5,5,10,3,135960
1728,576,1728,1728,6,3,3,3,9,3,5,5,9,2,142600
864,288,864,864,2,3,6,3,6,2,6,6,8,1,120000
846,650,1692,846,3,0,6,2,11,2,5,7,13,6,224500
774,400,1430,384,3,3,6,2,10,3,5,7,12,5,170000
576,288,1109,372,3,0,0,3,8,3,7,5,10,6,139000
832,336,1216,832,2,3,5,3,5,3,5,5,7,0,118500
877,216,1477,861,3,3,6,3,3,3,7,7,5,0,145000
1320,564,1320,1164,3,0,3,3,7,3,6,5,9,2,164500
703,540,1392,689,2,3,6,3,11,2,5,7,13,6,146000
1050,352,1795,1050,4,3,6,3,6,3,5,5,8,1,131500
1429,572,1429,1144,3,3,1,3,6,2,6,6,8,4,181900
2042,1390,2042,2042,3,3,6,2,11,0,5,8,13,6,253293
816,0,816,816,3,0,2,1,12,3,5,6,11,4,118500
1521,880,2775,1237,3,3,6,3,9,2,9,10,2,5,325000
989,240,1573,884,3,3,6,3,4,2,7,4,6,5,133000
2028,880,2028,1868,2,1,2,2,11,2,5,8,13,6,369900
838,275,838,816,2,2,5,0,7,1,7,6,4,5,130000
860,528,860,840,2,0,0,3,10,3,6,5,11,4,137000
1473,452,1473,1437,1,1,2,3,7,0,8,5,9,6,143000
779,308,935,742,2,3,6,3,9,3,6,5,5,1,79500
770,520,1582,770,3,3,2,2,11,2,5,7,13,6,185900
1728,842,2296,1722,3,1,2,2,11,0,5,10,13,6,451950
816,816,816,816,2,3,6,0,9,3,8,5,11,6,138000
848,420,848,848,1,0,2,3,11,2,5,6,13,6,140000
924,280,924,924,3,3,6,3,9,3,6,5,10,3,110000
1826,758,1826,1814,3,1,2,3,11,2,5,8,13,6,319000
684,216,1368,684,3,3,6,3,3,3,7,6,3,5,114504
1402,648,1402,1258,2,0,6,0,11,2,5,7,13,6,194201
1647,621,1647,1430,3,2,0,0,8,2,6,5,10,3,217500
716,452,1556,716,3,3,6,0,8,3,6,6,10,3,151000
1058,736,1904,1058,3,0,2,0,11,0,5,8,13,6,275000
780,544,1375,780,3,3,6,3,8,2,6,6,6,0,141000
927,506,1915,908,3,2,2,0,10,2,5,8,12,5,220000
600,480,1200,600,2,3,6,2,11,2,5,7,13,6,151000
1494,530,1494,1494,3,2,2,2,11,2,5,7,13,6,221000
1186,486,1986,768,3,3,1,3,7,3,6,7,9,4,205000
1040,576,1040,1040,3,3,2,3,10,2,5,5,12,5,152000
1112,230,2008,896,3,3,2,3,5,0,8,5,7,6,225000
1940,380,3194,965,4,2,1,3,4,3,6,8,6,5,359100
1029,261,1029,1029,3,2,5,3,7,3,5,4,9,2,118500
1476,736,2153,1440,3,2,2,0,10,0,5,9,12,5,313000
1032,564,1032,1032,3,0,0,3,8,3,6,6,10,3,148000
1299,531,1872,1299,3,0,2,2,11,0,5,8,13,6,261500
1120,0,1120,1120,3,3,0,1,12,3,5,5,13,6,147000
630,0,630,630,1,0,3,1,12,3,6,4,10,3,75500
1054,480,1054,936,3,1,2,2,7,2,7,6,9,2,137500
807,393,1509,783,3,3,2,0,11,2,5,6,13,6,183200
832,528,832,832,2,3,6,3,7,2,6,6,8,1,105500
1828,774,1828,1822,3,0,6,3,11,2,5,9,13,6,314813
1482,749,2262,1482,3,1,2,0,11,2,5,8,13,6,305000
864,0,864,864,2,3,1,1,12,3,3,3,4,0,67000
1548,624,2614,1522,4,3,0,2,8,3,7,6,10,5,240000
980,484,980,980,3,3,1,3,9,3,6,5,10,3,135000
756,440,1512,756,2,3,2,3,10,2,5,6,12,5,168500
1012,484,1790,732,4,3,5,2,8,3,5,6,10,3,165150
1116,440,1116,1116,3,3,6,3,7,3,6,6,9,2,160000
1422,286,1422,978,3,3,6,2,6,3,5,5,8,3,139900
1520,364,1520,1156,3,0,1,2,6,3,6,6,8,3,153000
1040,504,2080,1040,5,0,5,3,7,1,5,5,9,2,135000
1350,520,1350,1248,3,1,2,2,7,3,5,6,9,2,168500
1089,240,1750,636,3,3,6,3,4,0,6,5,0,5,124000
1554,627,1554,1554,2,2,2,2,11,2,5,8,13,6,209500
1411,544,1411,1386,3,3,0,0,8,3,5,7,10,3,82500
1056,260,1056,1056,3,3,1,3,6,3,7,5,8,6,139400
1056,576,1056,1056,0,3,2,3,8,3,5,6,10,3,144000
1440,0,3395,1440,8,3,3,1,12,1,7,6,4,5,200000
800,0,800,264,1,3,6,1,12,1,3,2,6,0,60000
811,256,1387,811,3,3,6,3,6,2,4,5,8,1,93000
796,0,796,796,2,3,6,1,12,3,7,5,3,0,85000
1567,648,1567,1520,1,0,2,0,11,0,5,8,13,6,264561
1518,588,1518,1518,1,1,2,2,11,0,5,8,13,6,274000
1057,650,1929,1057,3,3,6,0,11,2,5,7,13,6,226000
2000,538,2704,1952,4,1,6,0,8,0,7,8,10,5,345000
780,462,1620,780,4,3,5,0,7,3,5,5,9,2,152000
1766,478,1766,1766,3,2,2,0,11,0,5,9,13,6,370878
981,576,981,981,3,3,0,3,8,3,5,6,10,3,143250
1048,420,1048,0,3,4,4,3,5,3,5,5,7,0,98300
1094,495,1094,1094,3,2,5,3,6,3,5,6,8,1,155000
1051,442,1839,756,4,3,6,3,7,3,5,6,9,2,155000
630,0,630,630,1,0,1,3,12,3,6,4,9,2,84500
822,562,1665,813,3,3,6,2,11,2,6,7,13,6,205950
755,296,1510,755,4,2,6,3,4,3,5,4,6,0,108000
909,512,1716,880,2,3,6,2,10,2,5,7,12,5,191000
756,216,1469,756,3,3,6,3,1,3,7,6,3,5,135000
2113,839,2113,2109,2,1,2,0,10,2,6,8,12,5,350000
525,264,1092,525,3,3,6,3,8,3,5,6,10,3,88000
1053,312,1053,1053,3,3,0,2,6,2,7,5,8,6,145500
851,270,1502,776,3,3,6,2,4,3,6,7,6,5,149000
912,330,1458,912,3,3,6,3,5,3,5,6,7,0,97500
1486,480,1486,1486,3,3,1,0,7,3,7,5,9,5,167000
1142,550,1935,793,3,3,6,2,8,3,7,7,10,3,197900
1686,711,2448,1629,4,3,2,2,10,2,7,8,12,6,402000
1392,576,1392,1392,2,3,6,2,7,3,3,6,9,2,110000
1181,588,1181,1138,3,0,1,2,8,3,5,4,10,3,137500
2097,1134,2097,2077,1,2,6,0,11,0,5,8,13,6,423000
1454,504,1936,1406,3,3,6,2,10,2,5,8,12,5,230500
1465,596,2380,1021,3,3,3,3,7,3,5,6,9,3,129000
1679,575,1679,1408,3,3,2,2,10,2,5,6,12,5,193500
1437,576,1437,1188,3,3,5,3,10,3,6,5,8,4,168000
1180,252,1180,700,2,3,6,3,3,1,5,4,5,0,137500
738,540,1476,738,3,3,2,0,11,2,5,6,13,6,173500
697,300,1369,672,3,3,1,3,3,3,6,6,5,0,103600
1208,546,1208,1208,3,3,0,2,8,3,6,6,10,3,165000
1839,416,1839,1477,3,3,2,0,6,2,7,6,8,6,257500
1136,384,1136,1136,3,3,5,3,7,3,6,6,9,2,140000
855,440,1441,855,3,3,0,3,8,3,6,6,10,3,148500
1095,779,1774,1095,4,3,6,3,2,3,2,4,2,0,87000
792,240,792,768,2,3,6,3,3,2,8,5,5,6,109500
2046,834,2046,2046,3,2,6,0,11,2,5,8,13,6,372500
988,572,988,988,3,3,5,3,7,3,5,5,9,2,128500
923,264,923,923,2,3,1,2,8,3,5,6,10,3,143000
848,281,1520,793,3,3,5,3,7,3,5,5,6,5,159434
1291,431,1291,1291,2,2,2,3,10,2,5,6,12,5,173000
1668,702,1668,1626,3,0,2,3,11,2,5,9,13,6,285000
1195,486,1839,1195,4,3,6,0,10,3,5,7,12,5,221000
1190,577,2090,1190,3,2,2,0,9,2,5,7,11,4,207500
874,578,1761,874,3,3,6,0,11,2,6,7,13,6,227875
551,480,1102,551,2,3,2,3,11,2,5,7,13,6,148800
1419,567,1419,1419,2,0,6,2,11,2,6,8,13,6,392000
1362,460,1362,1362,2,0,0,3,11,2,5,6,13,6,194700
848,420,848,848,1,1,2,2,11,2,5,6,13,6,141000
2444,832,4316,2444,4,1,2,0,10,0,6,10,12,5,755000
1238,628,2519,1210,4,1,2,2,9,2,5,7,11,4,335000
1073,326,1073,1073,2,3,6,3,7,3,6,5,5,2,108480
1067,576,1539,927,3,3,6,3,10,3,6,5,6,0,141500
1137,551,1137,1112,2,3,2,3,9,2,6,6,11,4,176000
616,205,616,616,2,3,3,3,3,3,7,5,5,0,89000
1148,308,1148,980,2,2,3,3,6,3,7,5,8,1,123500
894,336,894,894,3,3,2,3,8,3,8,5,9,6,138500
1391,530,1391,1391,2,2,6,3,11,2,5,7,13,6,196000
1800,765,1800,1800,3,1,2,0,11,2,5,8,13,6,312500
1164,528,1164,1164,3,3,6,3,7,3,5,7,9,2,140000
1264,666,2576,1234,4,3,6,0,11,0,5,8,13,6,361919
1032,672,1812,360,4,3,6,3,10,2,9,5,2,5,140000
1484,606,1484,1473,3,0,2,2,11,2,5,7,13,6,213000
372,0,1092,0,3,4,4,1,12,1,5,4,5,0,55000
1824,739,1824,1643,2,1,2,3,8,2,5,7,10,6,302000
1324,550,1324,1324,2,3,2,0,11,2,5,8,13,6,254000
728,400,1456,728,3,0,6,0,11,2,5,7,13,6,179540
904,408,904,876,3,3,6,3,7,3,7,5,9,2,109900
729,0,729,270,2,3,6,3,12,3,6,3,6,6,52000
859,384,1178,859,2,2,6,2,7,3,7,4,2,0,102776
1228,472,1228,1228,2,2,2,0,9,2,5,8,11,4,189000
960,576,960,960,3,0,0,3,7,3,5,4,9,2,129000
725,475,1479,725,3,3,2,2,8,2,8,6,10,6,130500
1350,478,1350,1064,3,3,6,2,8,3,5,6,10,3,165000
1576,704,2554,718,3,3,6,3,10,3,8,7,1,5,159500
1178,439,1178,1176,3,3,1,3,8,2,6,5,10,5,157000
1325,983,2418,1311,3,1,2,2,10,2,5,7,12,5,341000
971,300,971,971,3,1,6,3,7,3,6,5,9,2,128500
1742,564,1742,1742,2,1,2,2,9,2,5,8,11,4,275000
848,420,848,848,1,0,2,3,11,2,5,6,13,6,143000
864,463,864,864,3,3,0,3,10,3,7,4,9,2,124500
997,548,1470,941,4,3,6,3,6,3,6,4,8,3,135000
1698,768,1698,1698,3,3,2,3,11,0,5,9,13,6,320000
864,660,864,864,3,3,6,3,9,2,6,4,9,2,120500
1680,540,1680,880,3,3,2,0,9,2,9,6,11,6,222000
1232,632,1232,1232,2,0,2,3,11,2,5,7,13,6,194500
1776,888,1776,1584,4,3,6,3,7,3,5,5,8,1,110000
848,539,1208,780,2,3,1,3,7,3,5,4,5,0,103000
1616,608,1616,1595,2,3,2,2,10,2,5,8,12,5,236500
1146,438,1146,868,3,0,2,3,11,2,5,7,13,6,187500
1153,541,2031,1153,3,0,0,0,10,2,5,7,12,5,222500
1144,264,1144,864,3,3,1,2,7,3,6,5,9,4,131400
948,300,948,948,3,3,6,3,7,3,5,5,9,2,108000
880,320,1768,880,2,2,6,3,2,3,7,7,4,2,163000
1040,400,1040,0,2,4,6,3,5,3,4,3,7,0,93500
901,800,1801,893,3,3,6,3,11,2,5,8,13,6,239900
1200,0,1200,1200,3,1,2,1,12,3,5,5,11,4,179000
864,572,1728,864,3,3,6,2,11,2,5,7,13,6,190000
768,360,1432,264,2,3,6,3,1,3,7,5,3,6,132000
912,288,912,912,3,2,2,3,7,2,8,6,9,5,142000
1349,539,1349,1349,3,3,6,3,10,3,5,7,12,6,179000
1464,480,1464,520,3,0,0,2,10,3,6,5,9,5,175000
1337,462,1337,1337,2,3,2,2,10,2,5,8,12,5,180000
1175,831,2715,1142,4,3,2,0,10,2,9,8,10,5,299800
980,554,2256,952,4,3,2,0,10,2,5,7,12,5,236000
1320,864,2640,1240,4,3,6,3,5,2,7,7,0,6,265979
1720,527,1720,1720,3,3,2,0,10,2,5,7,12,5,260400
1088,240,1529,0,4,4,4,3,5,3,3,4,7,0,98000
792,0,1140,576,3,3,6,1,12,3,7,4,3,6,96500
660,400,1320,660,3,3,6,0,11,2,5,7,13,6,162000
1494,576,1494,1479,3,1,2,2,10,2,5,6,12,5,217000
1038,878,2098,1030,3,2,6,2,11,0,5,8,13,6,275500
1026,440,1026,1026,3,3,2,2,7,2,8,6,9,6,156000
742,440,1471,729,3,3,2,3,10,3,5,6,12,5,172500
866,578,1768,866,3,0,2,2,11,2,5,8,13,6,212000
672,440,1386,672,3,2,5,0,8,3,5,6,10,3,158900
757,440,1501,744,3,3,0,3,10,3,5,7,12,5,179400
1328,752,2531,1318,4,0,3,2,10,2,5,8,12,5,290000
864,300,864,864,2,3,5,3,11,3,6,6,8,1,127500
1301,440,1301,1145,2,2,3,3,7,1,5,5,5,0,100000
764,614,1547,756,3,2,2,3,11,2,5,7,13,6,215200
1268,856,2365,1252,3,2,2,3,10,2,5,8,12,5,337000
1494,481,1494,1494,3,0,3,0,10,0,5,8,12,5,270000
1506,592,1506,1498,2,3,6,3,11,0,5,9,13,6,264132
980,496,1714,980,3,3,6,3,9,3,5,7,11,4,196500
983,423,1750,983,4,2,0,3,9,3,7,6,6,4,160000
1836,484,1836,1860,3,3,2,0,11,2,5,7,13,6,216837
1690,841,3279,1650,4,1,0,0,11,0,5,8,13,6,538000
858,576,858,858,2,0,2,3,9,3,5,5,11,4,134900
1220,396,1220,836,2,3,3,3,6,3,5,4,8,1,102000
1117,672,1117,1029,3,0,0,3,8,3,5,6,10,3,107000
912,275,912,912,2,3,5,2,6,3,5,5,8,1,114500
1973,895,1973,1935,3,0,6,0,11,2,5,8,13,6,395000
1204,412,1204,1204,2,3,2,3,10,3,5,6,12,5,162000
1614,865,1614,1614,3,0,2,2,11,2,5,7,13,6,221500
894,440,894,864,3,3,0,3,8,3,5,5,10,3,142500
2020,630,2020,0,4,4,4,3,8,3,5,5,10,3,144000
1004,504,1004,975,2,1,2,3,8,3,5,6,10,3,135000
1253,402,1253,1237,3,3,6,0,10,3,5,7,12,5,176000
810,484,1603,761,3,3,0,2,10,2,5,6,12,5,175900
1430,605,1430,1413,3,3,6,2,11,2,5,7,13,6,187100
1110,602,1110,1097,3,0,2,0,8,2,6,5,10,3,165500
742,0,1484,742,3,3,6,1,12,3,6,6,4,6,128000
1342,457,1342,1372,3,3,5,3,7,3,5,6,9,2,161500
966,416,1652,686,4,3,3,3,7,3,6,5,4,0,139000
956,618,2084,956,4,3,2,2,11,2,5,7,13,6,233000
901,281,901,901,2,3,6,3,6,3,7,4,8,5,107900
976,444,2087,832,5,1,3,0,7,2,8,6,9,6,187500
1145,397,1145,1145,2,3,2,0,11,2,5,7,13,6,160200
1062,539,1062,1029,3,0,0,2,8,3,5,6,10,3,146800
1127,455,2013,1117,3,0,6,3,10,3,5,7,12,5,269790
1496,474,1496,1496,3,0,6,3,11,2,5,8,13,6,225000
1086,409,1895,712,3,3,6,0,10,2,5,7,12,5,194500
888,476,1564,650,3,3,6,3,8,3,6,6,10,4,171000
1285,528,1285,660,3,3,6,2,8,3,5,6,10,3,143500
773,240,773,773,2,3,6,3,6,3,5,5,8,1,110000
1966,820,3140,1926,4,3,6,0,11,0,5,9,13,6,485000
981,240,1768,731,3,3,0,3,4,2,7,5,6,0,175000
616,603,1688,616,4,1,2,2,10,2,5,6,12,5,200000
1196,440,1196,1196,2,3,3,3,6,3,7,4,4,4,109900
728,410,1456,728,3,0,2,0,11,2,5,7,13,6,189000
1734,1020,2822,1734,3,1,6,2,11,0,5,9,13,6,582933
1128,286,1128,936,2,3,3,3,6,3,5,5,8,1,118000
1428,554,1428,1417,3,3,6,2,11,0,5,7,13,6,227680
980,384,980,980,3,0,6,0,7,3,5,5,9,2,135500
1072,528,1576,1324,3,1,2,2,3,2,6,5,5,6,223500
1086,484,1086,1024,3,0,0,2,7,3,5,5,9,2,159950
1075,360,2138,849,2,3,6,3,1,3,5,5,2,2,106000
1309,484,1309,1040,3,3,0,2,8,2,6,6,10,5,181000
848,420,848,848,1,1,2,0,11,2,5,6,13,6,144500
1044,504,1044,540,2,0,6,3,6,1,5,5,8,1,55993
1442,301,1442,1442,4,3,5,2,6,3,6,6,8,1,157900
686,280,1250,686,3,3,6,3,6,1,7,5,4,0,116000
1661,598,1661,1649,3,3,6,2,10,2,5,7,12,5,224900
1008,275,1008,1008,2,3,1,3,6,3,6,5,8,1,137000
1689,857,1689,1568,3,3,2,2,11,2,5,8,13,6,271000
1052,440,1052,1010,3,0,6,3,8,3,7,6,10,3,155000
1358,484,1358,1358,3,2,6,2,11,2,5,7,13,6,224000
798,595,1640,798,3,3,6,2,11,2,5,7,13,6,183000
936,576,936,936,2,3,6,3,8,3,4,4,8,1,93000
847,433,1733,847,3,1,6,0,11,2,5,7,13,6,225000
944,240,1489,778,3,3,6,3,4,3,7,6,6,0,139500
1489,776,1489,1489,3,3,6,2,11,2,5,8,13,6,232600
2084,1220,2084,2078,2,0,2,0,11,0,5,10,13,6,385000
784,0,784,784,2,3,0,1,12,2,6,5,5,0,109500
1434,527,1434,1454,3,3,2,2,11,2,5,7,13,6,189000
1160,538,2126,1013,3,1,3,0,7,3,5,5,9,2,185000
520,480,1223,600,2,3,6,2,11,2,5,7,13,6,147400
1392,458,1392,1392,3,3,5,2,6,3,5,6,8,1,166000
520,480,1200,600,2,3,6,2,11,2,5,7,13,6,151000
941,613,1829,941,3,3,2,2,11,2,6,7,13,6,237000
1516,472,1516,1516,3,3,5,2,7,3,6,6,9,2,167000
1144,456,1144,1144,3,3,5,3,7,3,6,5,9,2,139950
1067,436,1067,1067,2,3,1,3,10,2,7,4,7,5,128000
1559,812,1559,1559,3,3,5,3,5,3,6,5,7,3,153500
483,264,987,483,2,3,1,3,8,3,5,6,10,3,100000
1099,352,1099,1099,3,3,6,3,10,2,6,5,12,6,144000
768,240,1200,768,3,3,1,3,5,3,6,5,7,5,130500
810,400,1482,672,3,3,1,3,4,1,8,6,5,0,140000
958,686,1539,650,3,3,6,3,9,2,8,5,3,6,157500
1165,490,1165,1127,3,1,5,2,7,3,7,6,9,2,174900
1800,0,1800,1800,6,3,6,1,12,3,4,5,9,2,141000
876,720,1416,876,4,2,6,3,5,3,8,5,4,0,153900
1701,611,1701,1390,3,1,0,0,8,3,5,5,10,4,171000
1006,425,1775,740,3,3,0,3,10,2,5,7,12,5,213000
864,338,864,864,3,0,1,3,8,3,6,5,10,3,133500
1307,360,2358,907,5,3,6,3,1,3,8,6,3,5,240000
1094,512,1855,528,3,3,6,2,8,3,7,6,10,5,187000
848,420,848,848,1,0,2,0,11,2,5,6,13,6,131500
1456,400,1456,1273,2,1,6,0,11,2,5,8,13,6,215000
918,240,1646,918,4,3,5,3,5,3,5,7,7,0,164000
1445,645,1445,1127,3,1,6,2,7,3,6,6,9,2,158000
1779,454,1779,1763,3,2,0,3,6,3,4,5,8,3,170000
1040,260,1040,1040,3,3,0,3,7,3,8,5,9,6,127000
1026,576,1026,940,3,1,2,3,9,3,6,6,10,3,147000
702,343,1481,702,3,3,6,0,10,3,5,6,12,5,174000
1370,479,1370,1090,3,3,6,2,8,3,5,7,10,3,152000
1512,619,2654,1054,4,2,1,3,7,2,7,6,9,4,250000
912,216,1426,912,3,3,6,3,3,2,8,7,4,5,189950
1039,504,1039,1039,3,2,1,3,7,3,4,5,9,2,131500
1097,480,1097,1040,3,3,2,3,9,3,5,6,11,4,152000
1148,672,1148,1148,3,3,1,3,6,3,5,5,8,1,132500
1372,529,1372,1372,3,3,6,0,11,2,5,7,13,6,250580
1002,902,1002,1002,3,3,1,3,8,3,6,5,9,2,148500
1646,870,1646,1638,3,0,6,2,11,2,5,8,13,6,248900
1120,544,1120,1040,3,3,0,2,7,1,5,4,9,2,129000
1547,672,2320,0,2,4,4,3,8,3,6,5,7,0,169000
1062,574,1949,1050,3,3,2,0,10,2,5,7,12,5,236000
894,308,894,894,2,3,6,3,7,3,5,5,9,2,109500
804,523,1682,804,3,3,2,2,10,2,5,6,12,5,200500
910,414,910,105,3,0,6,3,6,2,7,5,8,5,116000
1036,288,1268,832,3,3,5,3,5,3,7,5,7,0,133000
676,200,1131,676,3,3,6,3,5,3,6,5,7,0,66500
1184,550,2610,1184,4,0,2,0,11,0,5,8,13,6,303477
1040,648,1040,1064,3,1,0,3,7,3,5,4,9,2,132250
1462,738,2224,1462,4,3,2,0,11,0,5,9,13,6,350000
1155,576,1155,1109,3,0,0,3,9,2,7,5,9,5,148000
864,336,864,864,3,3,0,3,8,3,8,5,10,6,136500
1090,450,1090,1090,2,3,0,0,11,3,5,5,13,6,157000
1187,400,1717,1156,3,2,3,2,9,2,5,7,11,5,187500
808,389,1593,808,3,3,6,2,10,3,5,6,12,5,178000
954,440,2230,795,5,3,6,3,10,3,5,4,4,0,118500
892,288,892,892,3,3,1,2,7,3,5,5,9,2,100000
1709,506,1709,1698,2,0,2,0,10,2,5,9,12,5,328900
1712,588,1712,1626,4,3,3,0,11,3,5,5,8,6,145000
872,300,1393,816,3,3,6,3,6,3,7,5,8,1,135500
2217,621,2217,2217,4,1,0,3,7,2,6,8,9,2,268000
1505,505,1505,1505,2,3,6,2,6,3,4,6,8,1,149500
672,576,924,672,3,2,6,3,11,3,7,5,7,6,122900
918,440,1683,918,3,3,3,2,8,3,5,6,10,3,172500
1068,264,1068,1059,3,3,2,2,7,3,8,6,9,6,154500
1383,354,1383,1383,3,2,1,3,6,3,5,5,8,1,165000
1535,400,1535,0,4,4,4,3,8,3,5,5,10,3,118858
983,483,1796,780,4,3,1,2,7,3,5,6,9,2,140000
951,327,951,951,2,3,0,3,4,3,6,4,6,0,106500
1120,528,2240,0,6,4,4,3,8,3,5,5,10,3,142953
2364,820,2364,2330,3,1,2,0,11,0,5,9,13,6,611657
1236,288,1236,912,3,3,1,3,7,3,7,5,9,5,135000
858,684,858,858,2,3,0,3,8,3,6,4,10,3,110000
1306,756,1306,992,2,2,1,3,7,3,7,5,8,5,153000
807,393,1509,783,3,3,6,0,11,2,5,7,13,6,180000
1670,690,1670,1670,3,3,6,2,11,2,5,7,13,6,240000
902,288,902,876,3,3,2,3,7,3,6,5,9,2,125500
1063,280,1063,1056,3,3,5,2,6,3,5,5,8,1,128000
1636,865,1636,1623,3,3,2,2,11,2,5,8,13,6,255000
1020,180,2057,1017,3,3,5,0,4,2,7,7,6,4,250000
902,484,902,864,2,0,1,3,9,3,5,5,11,4,131000
742,390,1484,742,3,3,6,0,11,2,5,6,13,6,174000
1105,480,2274,1105,5,3,5,3,6,3,5,5,8,1,154300
1268,252,1268,1268,3,0,0,3,8,2,7,5,10,4,143500
1015,450,1015,768,3,3,5,3,3,3,7,5,5,0,88000
1001,871,2002,1001,3,3,1,3,5,3,6,5,7,0,145000
612,528,1224,612,2,0,2,2,11,2,5,6,13,6,173733
546,286,1092,546,3,3,6,3,7,3,5,4,9,2,75000
480,308,480,480,3,0,1,3,6,3,3,2,7,0,35311
1229,284,1229,1134,3,3,0,2,6,3,6,4,8,1,135000
912,833,2127,1104,4,2,1,2,10,2,5,7,12,5,238000
1414,601,1414,1184,3,3,0,3,9,3,8,6,8,6,176500
936,471,1721,928,3,3,2,3,10,2,5,6,12,5,201000
1272,0,2200,1272,4,3,0,1,12,3,7,5,2,6,145900
1316,397,1316,1316,3,3,2,0,11,2,5,6,13,6,169990
1617,533,1617,1604,2,3,3,3,10,2,5,6,12,5,193000
1686,612,1686,1686,3,3,1,3,8,3,6,6,10,3,207500
1126,540,1126,1126,3,0,0,2,8,0,6,5,10,3,175000
1234,656,2374,1181,4,3,6,0,11,0,5,8,13,6,285000
1098,486,1978,832,4,3,1,2,7,3,5,7,9,2,176000
1788,522,1788,1753,3,0,6,2,11,0,5,8,13,6,236500
993,642,2236,964,4,3,6,0,10,2,5,7,12,5,222000
1466,610,1466,1466,3,0,2,0,11,2,5,8,13,6,201000
925,429,925,925,3,3,1,3,7,3,6,5,9,2,117500
1905,788,1905,1905,3,3,6,0,11,0,5,9,13,6,320000
1500,570,1500,1500,3,0,2,2,11,2,5,7,13,6,190000
2069,505,2069,585,4,1,2,2,6,2,7,7,8,6,242000
747,528,747,600,1,2,6,3,6,3,5,4,5,1,79900
1200,555,1200,1176,2,3,6,2,11,2,5,7,13,6,184900
1113,689,1971,1113,3,2,2,2,11,2,5,7,13,6,253000
1391,868,1962,1391,3,2,2,2,11,2,5,7,13,6,239799
1207,349,2403,1032,3,2,6,3,4,3,7,7,6,0,244400
1728,574,1728,1728,4,1,5,3,8,3,5,6,10,3,150900
1022,390,2060,992,3,3,0,2,10,2,5,7,12,5,214000
1440,0,1440,1440,4,1,6,1,12,3,3,4,10,3,150000
1632,576,1632,1632,4,0,6,3,7,3,4,5,9,2,143000
1344,525,1344,819,3,3,2,2,6,2,6,6,8,1,137500
1188,456,1869,1088,3,3,3,3,7,3,6,5,1,5,124900
1144,796,1144,1144,3,0,6,2,6,3,6,5,8,1,143000
1629,808,1629,1616,3,0,2,0,11,2,5,8,13,6,270000
936,474,1776,936,3,4,6,2,11,2,5,7,13,6,192500
1381,676,1381,1161,3,3,0,3,8,2,7,6,10,6,197500
864,720,864,864,3,3,0,2,8,2,8,5,7,6,129000
965,300,965,828,3,3,1,3,8,3,5,5,9,2,119900
768,396,768,768,2,0,6,0,8,3,8,5,10,6,133900
1168,530,1968,784,3,0,6,2,7,3,4,5,9,2,172000
980,0,980,945,4,1,6,1,12,3,5,6,10,3,127500
979,492,1958,979,4,3,5,3,5,3,6,6,7,0,145000
561,462,1229,561,2,3,0,0,8,3,6,6,10,3,124000
1057,576,1057,1057,3,3,5,0,8,3,5,5,9,2,132000
1337,531,1337,1337,3,2,2,2,11,2,5,7,13,6,185000
696,484,1416,696,3,3,0,3,10,2,5,7,12,5,155000
858,0,858,858,2,1,1,1,12,3,7,5,8,6,116500
1542,619,2872,1330,4,3,0,0,8,3,7,6,10,5,272000
804,440,1548,804,3,3,6,3,8,2,6,6,10,3,155000
1800,702,1800,1800,2,3,6,0,11,0,5,9,13,6,239000
824,510,1894,817,4,3,2,3,11,2,5,7,13,6,214900
783,393,1484,783,3,3,6,0,11,2,5,6,13,6,178900
976,256,1308,728,2,3,5,3,4,3,7,5,6,0,160000
1098,260,1098,1098,3,3,0,3,6,3,7,5,8,1,135000
600,0,968,600,3,3,6,1,12,3,6,3,3,0,37900
1095,264,1095,588,2,1,0,3,6,3,5,6,8,1,140000
720,0,1192,720,4,3,6,1,12,3,4,4,7,0,135000
764,474,1626,764,2,3,2,2,11,2,5,7,13,6,173000
918,264,918,918,2,3,6,3,8,3,5,6,10,3,99500
1428,480,1428,1428,3,3,6,0,11,2,5,7,13,6,182000
1136,532,2019,728,3,3,6,3,10,2,8,7,3,5,167500
673,490,1382,673,3,3,2,3,10,2,5,7,12,5,165000
869,0,869,440,2,3,6,1,12,1,7,4,5,1,85500
1241,569,1241,1241,1,3,2,3,11,2,5,7,13,6,199900
894,400,894,894,3,3,6,3,10,3,5,4,8,1,110000
1121,480,1121,1121,3,3,5,3,7,3,6,5,9,2,139000
999,588,999,944,3,0,0,2,7,0,9,7,9,6,178400
1276,676,2612,1225,4,3,2,0,10,2,5,8,12,5,336000
1266,388,1266,1266,2,0,6,0,11,2,5,7,13,6,159895
1149,779,2290,1128,4,2,6,3,11,2,5,8,13,6,255900
1302,539,1734,0,4,4,4,3,8,2,5,5,10,3,126000
1164,240,1164,1164,3,3,0,3,5,3,5,5,7,0,125000
1001,255,1635,485,2,3,6,3,5,2,8,6,3,6,117000
1940,606,1940,1930,3,0,2,0,11,0,5,9,13,6,395192
1118,551,2030,848,4,3,3,0,8,2,6,6,10,3,195000
778,614,1576,770,3,3,6,2,11,2,5,7,13,6,197000
1407,870,2392,1396,3,3,2,0,10,2,5,8,12,5,348000
916,424,1742,916,4,3,1,3,3,2,9,8,1,4,168000
1020,440,1851,822,3,1,1,2,7,2,8,6,9,5,187000
750,564,1500,750,3,3,6,2,11,2,5,6,13,6,173900
1718,786,1718,1700,3,1,2,0,11,0,5,10,13,6,337500
774,305,1230,747,3,3,0,3,5,3,7,4,7,0,121600
1050,368,1050,1050,3,3,5,3,7,3,6,5,9,2,136500
1442,615,1442,1442,2,3,6,2,7,3,6,6,9,2,185000
1077,210,1077,1007,3,3,6,3,3,3,4,3,5,0,91000
1208,632,1208,1187,2,0,2,2,11,2,5,7,13,6,206000
944,528,944,0,2,4,4,3,6,1,3,3,8,1,82000
691,216,691,691,2,3,6,3,2,0,6,5,4,0,86000
1574,824,1574,1574,3,3,2,2,11,2,5,8,13,6,232000
1680,528,1680,1680,4,3,6,3,8,3,6,5,10,3,136905
1504,457,1504,1346,1,3,2,0,11,2,5,7,13,6,181000
985,328,985,985,3,0,2,3,8,3,8,5,10,3,149900
1657,484,1657,1657,3,3,3,3,7,3,3,6,9,2,163500
546,286,1092,546,3,3,1,2,7,3,4,4,9,2,88000
1710,550,1710,1710,3,2,6,3,11,2,5,7,13,6,240000
1008,0,1522,1008,4,3,6,1,12,3,5,5,5,0,102000
720,312,1271,720,3,3,6,3,5,3,5,5,7,0,135000
1664,0,1664,0,4,4,4,1,12,3,5,5,9,2,100000
900,180,1502,602,3,3,6,3,3,2,7,6,5,5,165000
1022,280,1022,1022,2,3,6,3,6,3,4,5,3,6,85000
1082,240,1082,1082,2,3,1,3,5,3,5,6,7,0,119200
810,528,1665,810,3,3,2,0,11,2,6,8,13,6,227000
1504,478,1504,1504,3,1,2,0,10,2,5,7,12,5,203000
1360,565,1360,1220,1,0,2,2,9,2,5,8,11,4,187500
802,402,1472,384,3,3,6,2,10,2,5,7,12,5,160000
1506,440,1506,1362,2,1,2,3,11,2,5,7,13,6,213490
1132,451,1132,1132,2,3,2,0,11,2,5,4,13,6,176000
1220,632,1220,1199,2,0,2,2,11,2,5,7,13,6,194000
912,160,1248,912,2,3,3,3,6,3,5,5,5,0,87000
1504,437,1504,1346,2,3,2,0,11,2,5,7,13,6,191000
2898,665,2898,1565,2,0,0,0,8,2,6,8,10,3,287000
882,461,882,882,3,3,3,3,8,3,5,5,10,3,112500
1264,461,1264,1268,3,3,5,3,6,3,5,5,8,1,167500
1646,800,1646,1638,3,1,2,2,11,2,5,8,13,6,293077
968,240,1376,768,3,3,5,3,5,3,5,5,7,0,105000
672,264,1218,672,3,3,1,3,8,3,7,6,10,3,118000
948,0,1928,686,5,2,6,1,12,3,8,5,4,5,160000
1687,672,3082,824,5,3,2,0,7,3,3,7,4,2,197000
1352,796,2520,1338,5,3,2,2,10,2,7,8,12,5,310000
1654,900,1654,1654,3,3,2,3,11,2,5,7,13,6,230000
954,240,954,920,2,3,6,3,4,1,7,5,6,0,119750
845,290,845,0,3,4,4,3,6,3,3,4,8,1,84000
1620,912,1620,1620,2,1,2,0,11,0,5,9,13,6,315500
1055,905,2263,1055,3,3,6,0,11,2,5,8,13,6,287000
798,0,1344,546,3,3,6,1,12,3,6,4,9,6,97000
630,286,630,630,1,0,2,3,7,3,4,4,9,2,80000
1803,484,1803,1134,3,3,5,2,6,3,4,5,8,5,155000
800,484,1632,800,4,3,2,3,7,2,8,6,9,5,173000
1306,624,1306,1306,1,0,0,3,11,2,5,6,13,6,196000
1532,514,2329,1475,4,3,2,3,9,2,5,7,11,4,262280
2524,542,2524,2524,4,3,0,0,9,2,5,8,11,4,278000
1733,452,1733,0,4,4,4,3,6,3,5,3,8,1,139600
1992,716,2868,1992,4,0,2,0,11,0,5,9,13,6,556581
990,672,990,990,3,3,2,3,10,3,5,5,12,5,145000
1771,336,1771,0,3,4,4,3,6,3,4,5,8,6,115000
930,308,930,0,2,4,6,3,5,2,7,4,7,6,84900
1302,436,1302,1302,3,0,6,0,11,2,5,7,13,6,176485
1316,440,1316,1316,3,0,6,0,11,2,5,7,13,6,200141
1127,540,1977,816,4,3,5,2,7,3,6,6,9,3,165000
1526,364,1526,1216,4,0,5,3,6,3,6,5,8,6,144500
1091,586,1989,1065,3,2,2,0,11,2,5,8,13,6,255000
1523,478,1523,1193,3,3,0,0,8,3,5,6,10,3,180000
1364,484,1364,1364,2,0,2,2,11,2,5,7,13,6,185850
979,467,1850,973,3,3,2,0,10,2,6,7,12,5,248000
1130,836,2184,1104,3,0,2,0,11,0,5,9,13,6,335000
1096,432,1991,854,3,2,5,3,8,3,7,6,6,0,220000
1338,582,1338,1338,2,2,2,0,11,2,5,8,13,6,213500
894,1248,894,894,2,3,6,2,10,3,4,3,6,0,81000
1422,560,2337,662,5,3,6,3,5,3,5,5,2,0,90000
1103,440,1103,1103,2,3,1,3,8,2,6,6,5,3,110500
1154,480,1154,1154,3,2,1,2,7,3,6,5,9,2,154000
1306,533,2260,1306,3,1,2,3,10,2,5,7,12,5,328000
799,380,1571,799,3,3,6,2,10,3,7,6,12,5,178000
798,442,1611,780,4,1,2,2,7,3,6,6,9,2,167900
1291,576,2521,942,5,3,0,3,8,3,4,6,10,3,151400
893,576,893,845,2,3,0,3,9,2,7,5,7,6,135000
1048,286,1048,1048,3,3,1,3,6,3,5,5,8,1,135000
829,441,1556,727,4,3,5,3,7,3,6,6,9,2,154000
1002,280,1456,810,4,2,6,3,6,3,3,5,7,0,91500
698,440,1426,690,3,3,1,0,8,3,6,6,10,3,159500
1240,826,1240,1240,2,0,6,2,11,2,5,7,13,6,194000
960,240,1740,800,3,3,1,3,4,3,6,7,6,4,219500
1096,566,1466,796,3,3,0,3,5,2,8,5,6,4,170000
1096,299,1096,1096,3,2,1,0,7,3,5,5,9,2,138800
848,420,848,848,3,2,2,2,11,2,5,6,13,6,155900
990,299,990,990,3,3,2,3,10,3,5,5,12,5,126000
1258,528,1258,1258,3,3,0,3,8,2,7,6,10,6,145000
1040,308,1040,1040,3,3,0,0,7,3,5,5,9,2,133000
1459,527,1459,1459,3,3,6,2,11,2,5,7,13,6,192000
1251,461,1251,1251,3,3,6,3,7,3,6,6,9,2,160000
691,409,1498,691,3,3,0,0,10,3,5,6,12,5,187500
996,564,996,936,2,0,2,3,10,2,6,6,12,5,147000
546,286,1092,546,3,3,1,2,8,3,5,4,10,3,83500
1082,1043,1953,1082,3,2,6,2,11,2,5,8,13,6,252000
970,380,1709,970,3,3,6,3,11,2,5,7,13,6,137500
1247,550,1247,1247,1,3,2,0,11,2,5,8,13,6,197000
1040,400,1040,0,2,4,4,3,9,3,4,3,7,0,92900
624,462,1252,600,2,3,1,3,10,2,5,7,12,5,160000
1390,576,1694,1181,4,3,5,3,3,3,5,6,5,0,136500
1200,884,1200,864,1,2,2,3,8,2,8,5,9,5,146000
936,308,936,936,2,3,1,0,6,3,7,5,8,5,129000
1314,440,1314,1314,3,3,2,2,11,2,5,6,13,6,176432
773,0,1355,684,3,3,6,1,12,2,7,6,4,6,127000
1088,461,1088,1074,2,3,6,2,9,2,5,8,11,4,170000
757,240,1324,672,3,3,1,3,4,3,6,4,6,0,128000
1601,478,1601,1271,3,3,0,2,8,3,5,7,10,3,157000
438,246,438,290,1,3,5,3,3,1,5,2,4,0,60000
950,280,950,950,3,3,1,3,9,3,5,5,10,3,119500
1134,254,1134,1010,2,3,6,3,6,3,7,5,8,6,135000
1194,539,1194,655,3,2,0,0,6,3,6,6,8,1,159500
630,440,1302,630,3,3,6,3,7,3,5,5,9,2,106000
1500,712,2622,1463,3,0,2,2,10,2,5,8,12,5,325000
1442,719,1442,910,3,2,2,0,9,2,5,7,11,5,179900
887,422,2021,868,3,3,6,2,11,2,5,7,13,6,274725
948,463,1690,924,3,3,6,2,10,3,5,6,12,5,181000
1836,862,1836,1836,3,2,2,0,11,2,5,8,13,6,280000
773,431,1658,773,3,3,2,0,10,3,5,6,12,5,188000
1098,483,1964,803,4,3,6,2,8,3,6,7,10,3,205000
816,308,816,816,2,3,2,3,6,3,7,5,8,1,129900
1008,240,1008,1008,2,3,1,3,6,2,7,5,8,6,134500
833,326,833,833,2,3,5,3,6,2,7,5,8,5,117000
1734,928,1734,1734,3,3,2,3,11,0,5,8,13,6,318000
779,527,1419,408,3,3,2,0,11,2,5,8,13,6,184100
894,450,894,894,3,3,1,2,7,2,7,5,9,6,130000
1021,300,1601,533,3,3,6,2,6,3,6,5,8,4,140000
1040,286,1040,1040,3,3,3,2,6,3,5,5,8,1,133700
1012,308,1012,1012,2,3,6,3,2,3,5,6,4,0,118400
1552,782,1552,1552,3,0,2,3,11,2,5,7,13,6,212900
960,288,960,672,3,3,6,3,6,3,3,4,8,1,112000
698,0,698,698,2,3,6,1,12,3,9,5,7,6,118000
812,392,1482,384,3,3,6,0,10,2,5,7,12,5,163900
1005,672,1005,1005,2,3,6,3,8,1,5,4,8,1,115000
1555,660,1555,1373,2,3,6,0,11,2,5,7,13,6,174000
1530,630,1530,1530,3,0,2,0,11,2,5,7,13,6,259000
847,434,1959,847,4,0,6,0,11,2,5,7,13,6,215000
936,672,936,936,2,1,2,3,8,3,5,5,10,3,140000
1328,576,1981,1122,4,3,1,3,9,2,3,4,5,0,135000
974,0,974,974,3,2,1,1,12,3,5,5,12,5,93500
1178,205,2210,1008,5,2,6,3,3,1,4,6,0,0,117500
1142,466,2020,1128,3,3,2,2,10,2,5,8,12,5,239500
916,460,1600,916,3,0,6,0,10,3,5,6,12,5,169000
986,180,986,960,2,3,6,3,3,3,5,6,5,0,102000
1032,288,1252,1032,3,3,1,3,5,3,5,6,7,0,119000
780,0,1020,780,2,3,6,1,12,3,8,5,0,5,94000
1567,714,1567,1567,2,1,0,2,8,2,5,6,10,3,196000
1167,495,1167,915,3,3,1,3,8,3,5,5,4,0,144000
952,840,952,952,2,2,0,3,9,3,7,5,8,1,139000
1088,484,1868,780,4,3,0,3,8,2,7,5,10,3,197500
1466,1052,2828,1466,4,1,2,2,11,2,5,8,13,6,424870
1006,0,1006,1006,3,3,2,1,12,3,3,5,8,1,80000
672,280,924,672,2,3,1,3,5,1,4,4,7,0,80000
1042,225,1576,1042,3,3,6,3,3,3,6,5,5,0,149000
1298,403,1298,1298,3,3,2,3,9,2,5,6,11,4,180000
860,234,1564,704,3,3,5,3,5,1,7,7,7,0,174500
572,288,1111,572,2,3,6,3,9,3,7,7,5,0,116900
832,324,1482,650,3,3,0,3,3,3,9,7,4,4,143000
932,306,932,932,2,3,6,3,5,2,5,6,7,0,124000
1466,528,1466,1466,3,3,6,0,6,1,4,5,8,1,149900
1811,470,1811,1073,2,3,0,0,6,0,7,6,8,6,230000
816,432,816,816,2,0,6,3,11,3,8,6,5,6,120500
902,492,1820,864,4,1,0,3,7,2,6,7,9,4,201800
1437,528,1437,1437,3,1,0,2,8,2,8,5,10,6,218000
1265,502,1265,1219,3,1,0,2,7,2,8,5,9,5,179900
1314,626,1314,1314,2,3,2,3,11,2,5,7,13,6,230000
1580,830,1580,1580,3,3,6,2,11,2,5,8,13,6,235128
943,540,1876,901,4,3,0,2,8,2,6,6,10,3,185000
855,440,1456,855,3,3,6,3,8,3,5,6,10,3,146000
1640,924,1640,1296,3,3,1,3,10,2,7,6,8,6,224000
894,450,894,894,3,3,1,3,7,3,5,5,9,2,129000
1258,400,1258,1198,0,0,6,3,7,3,4,4,9,2,108959
1432,588,1432,1360,2,1,0,3,8,2,7,5,10,3,194000
1502,644,1502,1502,3,3,6,2,11,2,5,7,13,6,233170
1694,776,1694,1694,3,0,6,3,11,2,5,8,13,6,245350
959,472,1671,959,3,3,2,0,10,3,5,6,12,5,173000
1236,540,2108,1127,4,3,5,3,4,2,7,6,6,4,235000
1831,807,3627,1930,4,1,2,0,10,2,5,10,12,5,625000
1118,358,1118,1096,3,0,0,0,8,3,6,6,10,3,171000
1261,433,1261,1261,3,3,0,2,6,3,6,6,8,1,163000
625,625,1250,625,2,3,6,0,11,2,5,7,13,6,171900
1636,0,3086,1598,3,3,5,3,12,0,6,5,7,5,200500
1170,360,2345,952,4,3,5,3,4,3,8,6,6,0,239000
2129,541,2872,1683,4,3,2,0,10,2,5,8,12,5,285000
923,264,923,876,3,3,0,3,9,3,5,5,11,4,119500
818,210,1224,818,3,3,5,3,3,3,8,6,5,6,115000
820,186,1343,731,3,3,6,3,3,3,6,5,5,0,154900
1124,0,1124,0,3,4,6,1,12,3,5,5,8,1,93000
1298,693,2514,1216,4,3,3,0,9,3,5,7,11,5,250000
1652,482,1652,1600,2,1,2,3,11,2,5,8,13,6,392500
2411,813,4476,2396,4,0,2,0,10,0,5,10,12,5,745000
1130,720,1130,1120,2,3,6,3,7,3,6,5,4,0,120000
1572,995,1572,1572,3,1,5,2,7,3,4,5,9,2,186700
949,392,1221,784,4,3,1,3,7,3,7,5,5,0,104900
1014,420,1699,978,3,2,1,3,2,3,5,3,2,2,95000
1624,757,1624,1624,2,3,2,2,10,2,5,8,12,5,262000
831,493,1660,831,3,3,6,2,11,2,5,7,13,6,195000
1028,442,1804,994,3,3,6,0,10,2,5,7,12,5,189000
1622,1356,1622,1249,3,0,1,0,8,3,4,4,9,3,168000
764,492,1441,776,2,3,6,3,10,2,5,8,12,5,174000
842,250,1472,702,3,2,6,3,3,2,8,5,5,5,125000
1224,402,1224,1224,2,3,2,0,10,3,5,6,12,5,165000
663,299,1352,663,4,3,0,0,7,3,7,6,9,2,158000
728,400,1456,728,3,3,6,3,11,2,5,6,13,6,176000
879,660,1863,879,4,0,6,0,11,2,5,7,13,6,219210
815,225,1690,815,3,3,6,3,2,3,6,7,4,0,144000
1212,573,1212,1212,3,3,6,2,11,2,5,7,13,6,178000
1382,459,1382,1051,3,3,5,3,8,3,5,4,9,3,148000
864,280,864,864,3,3,6,3,8,3,5,4,9,2,116050
866,546,1779,866,3,0,6,2,10,2,5,7,12,5,197900
884,216,1348,884,3,3,6,3,6,3,8,5,5,5,117000
1630,451,1630,1630,3,3,6,3,10,2,5,7,12,6,213000
1074,495,1074,1056,3,3,0,2,8,3,6,5,10,3,153500
2196,701,2196,2158,3,2,0,2,9,2,7,7,11,5,271900
1056,384,1056,1056,3,3,5,3,7,3,4,4,9,2,107000
1700,544,1700,1682,3,0,2,2,11,2,5,6,13,6,200000
1283,506,1283,931,3,3,5,3,8,3,7,5,9,3,140000
1660,500,1660,1660,3,2,2,2,11,2,5,8,13,6,290000
1055,462,1845,1055,3,3,6,2,10,2,5,6,12,5,189000
1080,492,1752,559,4,0,2,2,9,3,7,8,11,6,164000
672,234,672,672,2,3,5,3,5,3,6,4,7,0,113000
960,364,960,648,0,0,2,3,7,3,9,4,9,6,145000
999,300,999,925,3,0,1,3,7,3,5,5,9,2,134500
894,384,894,894,3,3,5,3,7,3,5,5,9,2,125000
1318,539,1902,0,4,4,4,3,8,3,5,6,10,3,112000
1314,552,1314,1300,3,2,2,2,11,2,5,8,13,6,229456
672,0,912,0,2,4,4,1,12,3,5,4,7,0,80500
672,0,1218,672,3,3,6,1,12,3,5,6,10,3,91500
912,288,912,912,2,3,5,3,7,3,5,5,9,2,115000
1211,322,1211,952,3,3,1,3,7,3,5,5,9,2,134000
1168,315,1846,1040,3,2,5,3,5,3,6,6,7,0,143000
2136,528,2136,2136,4,3,3,3,6,3,3,5,8,1,137900
788,388,1490,788,3,0,2,0,11,2,5,7,13,6,184000
1138,264,1138,588,3,0,2,3,6,3,8,6,8,1,145000
894,668,1933,894,4,2,6,0,11,2,5,6,13,6,214000
912,576,912,912,2,3,0,3,10,2,8,5,9,6,147000
1702,1052,1702,1702,1,3,2,0,11,0,5,9,13,6,367294
1507,404,1507,1075,4,3,0,3,6,3,5,5,8,1,127000
1361,600,2620,1361,4,3,2,2,8,3,5,5,10,3,190000
1190,540,1190,1106,3,0,0,3,7,3,6,5,9,2,132500
1224,462,1224,0,2,4,4,3,7,3,5,4,9,2,101800
1188,531,1188,1188,3,3,5,2,6,3,5,5,8,1,142000
1024,0,1964,940,4,0,6,1,12,3,6,5,4,0,130000
892,180,1784,747,4,2,6,3,2,3,5,5,4,0,138887
764,474,1626,764,2,3,6,2,11,2,5,7,13,6,175500
847,434,1948,847,3,3,6,3,11,2,5,7,13,6,195000
1141,484,1141,1141,3,3,6,3,11,3,5,6,13,6,142500
1484,472,1484,1476,3,0,2,2,11,0,5,8,13,6,265900
884,543,1768,884,3,3,2,3,11,2,5,7,13,6,224900
1689,954,1689,1689,3,0,6,2,11,2,6,7,13,6,248328
1173,528,1173,1053,3,1,2,2,8,2,6,7,10,3,170000
2076,850,2076,2076,2,1,2,3,11,0,5,10,13,6,465000
792,400,1517,792,3,3,6,3,4,2,7,8,5,0,230000
1140,477,1868,585,3,3,6,0,9,3,7,6,11,6,178000
756,615,1553,756,3,3,6,2,11,2,5,7,13,6,186500
1034,888,1034,1012,3,0,2,3,8,3,5,6,10,3,169900
1134,396,2058,735,3,3,5,3,5,3,5,6,4,0,129500
988,276,988,876,3,3,1,3,5,3,7,5,7,0,119000
2110,522,2110,2110,3,3,0,0,7,0,5,7,9,2,244000
1405,478,1405,1405,2,3,6,2,11,2,5,7,13,6,171750
874,288,874,864,3,3,6,2,7,3,6,5,9,2,130000
1516,518,2167,1192,3,1,3,2,8,2,7,7,10,6,294000
760,397,1656,746,3,3,6,0,11,2,5,7,13,6,165400
959,560,1367,884,3,3,3,3,8,3,6,6,6,0,127500
1987,691,1987,1986,2,1,2,0,10,2,5,8,12,5,301500
864,0,864,864,2,3,6,1,12,3,8,5,5,0,99900
1166,400,1166,856,2,1,2,0,11,2,5,7,13,6,190000
1054,460,1054,1054,3,3,0,3,7,3,8,6,9,2,151000
892,502,1675,841,3,3,6,0,10,3,5,6,12,5,181000
1050,338,1050,1050,2,3,5,3,6,3,6,5,8,1,128900
1104,304,1788,1104,5,0,6,3,6,3,5,4,8,4,161500
1060,520,1824,764,3,3,6,3,4,3,6,6,4,0,180500
1337,511,1337,1405,2,3,2,0,10,2,5,6,12,5,181000
713,506,1452,691,3,3,2,3,10,2,5,7,12,5,183900
964,308,1889,925,4,3,6,3,6,3,4,7,3,0,122000
2018,746,2018,2002,3,1,6,0,11,0,5,9,13,6,378500
1968,1014,3447,728,4,2,5,3,9,2,9,8,6,5,381000
874,315,1524,874,3,3,1,3,6,3,5,5,8,1,144000
1332,586,1524,1332,0,1,2,0,8,2,6,7,10,3,260000
1489,462,1489,1489,3,3,6,2,7,2,7,6,9,2,185750
935,288,935,935,3,3,1,3,7,3,6,5,9,2,137000
1357,312,1357,1019,2,0,0,2,6,0,7,6,8,6,177000
661,552,1250,661,3,3,6,3,9,3,6,5,3,6,139000
928,400,1920,928,4,3,5,3,5,3,5,5,7,0,137000
735,497,1395,723,3,3,1,3,8,3,6,6,10,3,162000
1724,480,1724,1680,3,0,0,2,7,3,5,6,9,3,197900
1128,577,2031,1128,3,3,2,3,11,2,5,8,13,6,237000
698,528,1128,698,2,3,6,2,8,3,4,4,4,0,68400
1573,544,1573,1573,3,3,2,2,11,2,5,7,13,6,227000
1339,484,1339,1309,3,3,0,0,9,3,5,7,11,4,180000
1040,484,1040,1040,3,2,3,3,8,2,7,5,10,6,150500
912,0,1824,912,4,0,6,1,12,3,5,6,10,3,139000
1699,336,2447,804,4,3,6,3,7,2,7,6,4,4,169000
825,280,1412,780,4,3,6,3,4,3,6,6,6,0,132500
1328,528,1328,1328,3,3,0,3,7,3,5,6,9,2,143000
1582,390,1582,1624,4,0,5,3,7,3,5,5,9,2,190000
1659,499,1659,1501,2,3,2,0,10,0,5,8,12,5,278000
1120,753,1970,1085,3,2,6,0,11,0,5,8,13,6,281000
1152,484,1152,1152,3,0,2,2,7,3,7,5,9,2,180500
630,264,1302,630,3,3,0,3,8,3,7,5,10,3,119500
1378,432,2372,994,4,3,6,2,9,3,4,5,2,2,107500
832,528,1664,832,4,3,2,2,8,3,5,7,10,3,162900
864,572,864,864,2,3,5,3,6,3,7,5,8,4,115000
1052,288,1052,1052,3,0,6,2,7,3,5,5,9,2,138500
1128,525,1128,1120,3,2,0,2,7,3,6,5,9,2,155000
1072,525,1072,547,2,1,2,0,11,3,5,6,13,6,140000
4692,1418,5642,6110,3,1,2,0,11,0,5,10,13,6,160000
1246,305,1246,1246,3,3,3,2,6,2,7,5,8,5,154000
1005,490,1983,978,3,3,2,0,10,2,5,7,12,5,225000
753,213,1494,771,3,3,1,3,5,2,7,6,7,0,177500
1203,844,2526,1165,4,3,2,3,10,2,5,8,12,5,290000
1616,834,1616,1616,3,0,6,2,11,2,5,7,13,6,232000
976,380,1708,976,3,3,6,3,11,2,5,7,13,6,130000
1652,840,1652,1652,2,3,2,0,11,0,5,9,13,6,325000
1368,474,1368,1368,2,3,6,2,11,2,5,7,13,6,202500
990,480,990,990,3,3,0,3,10,3,5,5,12,5,138000
1122,528,1122,924,2,3,2,3,5,2,7,5,7,6,147000
1294,496,1294,1278,3,3,2,3,10,2,5,6,12,5,179200
1902,567,1902,1902,3,0,2,0,6,0,8,7,8,6,335000
1274,508,1274,1274,3,3,2,3,11,2,5,7,13,6,203000
1453,750,2810,1453,4,3,2,2,9,2,5,8,11,4,302000
1422,779,2599,1393,4,3,6,0,10,2,5,9,12,5,333168
948,280,948,948,3,3,5,3,6,3,6,4,8,1,119000
1092,576,2112,952,4,2,0,3,7,3,5,6,9,2,206900
1630,860,1630,1622,3,1,6,2,11,0,5,8,13,6,295493
1352,466,1352,1352,2,3,6,3,11,2,5,7,13,6,208900
1787,748,1787,1753,3,1,6,2,11,2,5,8,13,6,275000
948,248,948,864,3,3,0,3,6,3,5,4,8,1,111000
1478,442,1478,1478,3,3,0,2,6,3,3,6,8,1,156500
720,287,720,0,2,4,4,3,6,3,6,3,7,0,72500
1061,564,1923,750,3,3,2,2,10,2,5,7,12,5,190000
708,0,708,420,2,3,3,3,12,1,7,4,6,0,82500
1795,895,1795,1795,2,0,6,2,11,2,5,8,13,6,147000
796,0,796,796,2,3,6,3,12,3,4,4,5,0,55000
774,0,774,544,3,3,5,1,12,2,6,3,6,6,79000
816,264,816,816,3,3,0,3,9,2,9,5,11,6,130500
1584,520,2792,1510,3,3,3,3,2,3,7,6,4,0,256000
955,462,1632,935,3,3,6,0,10,3,5,7,12,5,176500
1588,825,1588,1588,3,0,6,3,11,2,5,8,13,6,227000
954,576,954,911,3,0,0,3,8,3,5,5,10,3,132500
816,288,816,816,2,2,0,3,6,3,6,4,6,1,100000
803,297,1360,803,2,3,6,3,6,2,6,5,6,5,125500
765,440,1365,765,3,3,3,3,7,3,6,5,9,2,125000
1334,630,1334,1350,2,3,0,2,8,3,5,6,10,3,167900
1656,506,1656,1656,4,3,6,3,8,3,5,5,10,3,135000
693,0,693,693,2,3,6,1,12,1,4,4,7,0,52500
920,492,1861,916,3,3,2,2,11,2,5,7,13,6,200000
864,288,864,864,3,2,5,2,8,3,7,5,10,3,128500
872,480,872,858,3,3,6,3,8,3,5,4,10,3,123000
1114,576,1114,1114,3,3,2,3,11,2,5,6,13,6,155000
1284,647,2169,1284,3,3,6,2,11,2,5,8,13,6,228500
1172,342,1913,896,3,3,6,3,3,3,6,6,5,0,177000
728,440,1456,728,3,3,6,0,11,2,5,7,13,6,155835
960,308,960,960,2,3,0,3,10,1,4,4,4,0,108500
2156,508,2156,1568,3,3,1,2,7,3,7,7,9,6,262500
1776,712,1776,1732,3,1,2,0,11,2,5,8,13,6,283463
1494,514,1494,1482,3,1,2,2,10,2,5,7,12,5,215000
938,0,2358,684,4,3,3,1,12,3,5,8,0,4,122000
1338,968,2634,1248,6,3,3,3,7,3,5,5,9,2,200000
858,490,1716,858,4,3,5,0,7,3,6,6,9,2,171000
786,624,1176,698,2,3,6,3,10,3,9,6,6,5,134900
2053,666,3238,2033,4,0,6,0,10,2,5,8,12,5,410000
992,839,1865,992,3,3,2,3,10,2,5,7,12,5,235000
1222,487,1920,570,4,3,6,2,7,2,6,7,9,5,170000
892,264,892,864,3,3,5,2,7,3,5,5,9,2,110000
1078,500,1078,1078,3,3,2,0,8,3,6,5,10,6,149900
769,440,1573,756,3,3,2,3,10,2,5,6,12,5,177500
1980,770,1980,1980,3,0,2,0,11,0,5,9,13,6,315000
990,621,2601,612,4,3,6,2,10,3,6,5,5,5,189000
1530,430,1530,1530,3,0,0,0,11,2,5,7,13,6,260000
1281,368,1738,715,4,3,6,3,2,3,4,4,4,6,104900
616,432,1412,616,3,3,6,0,11,2,5,6,13,6,156932
520,480,1200,600,2,3,6,2,11,2,5,7,13,6,144152
814,663,1674,814,3,3,2,2,10,2,5,7,12,5,216000
882,588,1790,873,3,3,2,2,10,2,5,7,12,5,193000
925,336,1475,757,4,3,0,2,8,3,6,5,10,3,127000
848,420,848,848,1,0,2,0,11,2,5,6,13,6,144000
1668,502,1668,1657,3,0,1,0,11,2,5,8,13,6,232000
840,338,1374,840,2,3,0,0,7,3,6,4,4,0,105000
1661,377,1661,992,3,0,1,2,6,2,6,6,8,5,165500
1108,583,2097,1108,3,0,2,2,10,2,6,7,12,5,274300
2633,804,2633,2633,2,1,2,2,11,0,5,10,13,6,466500
1026,936,1958,1026,3,3,6,0,11,2,5,7,13,6,250000
1571,722,1571,1571,3,1,6,0,11,2,5,8,13,6,239000
790,160,790,768,2,2,6,3,3,3,5,6,5,0,91000
984,660,1604,984,3,3,6,3,8,3,5,5,7,1,117000
483,264,987,483,2,3,1,3,8,3,5,6,10,3,83000
754,400,1394,384,3,3,6,0,11,2,5,5,13,6,167500
864,200,864,864,2,3,5,3,4,3,3,3,4,0,58500
2117,550,2117,1205,4,2,1,0,7,3,7,6,9,2,237500
998,576,1762,596,4,3,6,3,9,2,7,7,4,0,157000
1416,576,1416,816,3,3,6,3,11,2,7,5,4,6,112000
698,280,1258,560,2,2,5,3,4,3,5,6,6,0,105000
796,240,1154,796,3,3,1,3,3,2,8,4,5,6,125500
1392,564,2784,1392,5,3,6,2,8,2,5,7,10,3,250000
1664,216,2526,714,5,3,5,3,2,2,7,6,4,0,136000
1746,758,1746,1746,3,1,2,0,11,0,5,9,13,6,377500
869,440,1218,735,3,3,0,3,11,3,6,6,7,0,131000
1525,541,1525,1525,3,0,2,2,10,2,5,7,12,5,235000
1584,792,1584,1584,4,3,6,3,7,3,5,5,9,2,124000
900,288,900,864,3,0,0,2,7,3,5,5,9,2,123000
1221,672,1912,482,3,3,6,3,11,3,7,6,3,5,163000
1500,648,1500,1356,3,0,2,0,11,2,5,7,13,6,246578
1133,642,2482,1094,4,1,6,0,11,2,5,8,13,6,281213
1687,572,1687,747,3,0,1,3,7,3,5,5,7,0,160000
939,180,1513,939,4,2,6,3,4,3,8,5,4,6,137500
1136,240,1904,1208,3,3,5,3,5,3,4,5,7,4,138000
1160,216,1608,976,3,3,1,3,3,2,6,6,5,4,137450
950,208,1158,862,3,3,6,2,3,3,7,6,5,0,120000
864,398,1593,839,3,3,2,3,11,3,5,6,13,6,193000
1294,662,1294,1286,2,0,6,2,11,2,5,7,13,6,193879
1464,754,1464,1485,3,1,2,3,11,2,5,8,13,6,282922
694,936,1214,672,3,3,6,3,10,3,4,3,4,0,105000
1646,482,1646,1594,2,1,2,0,11,2,5,8,13,6,275000
768,396,768,768,2,0,2,3,9,3,7,5,10,6,133000
833,0,833,833,3,3,6,1,12,3,5,5,11,4,112000
741,528,1363,622,3,3,6,3,7,3,7,4,3,0,125500
1236,542,2093,791,3,3,6,0,9,3,6,7,11,5,215000
944,622,1840,944,3,3,2,2,11,2,5,7,13,6,230000
1112,271,1668,856,3,3,1,3,5,3,8,6,7,6,140000
1040,420,1040,0,2,4,4,3,6,3,5,4,7,0,90000
1844,620,1844,1844,2,3,2,0,11,2,5,8,13,6,257000
1053,370,1848,833,4,3,6,3,3,2,7,6,5,5,207000
1569,660,1569,1386,1,3,6,3,11,2,5,7,13,6,175900
1246,560,2290,777,4,3,6,3,8,3,6,4,1,0,122500
1310,1069,2450,1284,3,2,2,0,10,2,5,8,12,5,340000
1144,336,1144,1144,3,3,1,3,7,3,5,5,9,2,124000
1844,540,1844,1844,3,0,5,2,7,2,5,6,9,2,223000
708,776,1416,708,3,3,0,2,7,3,6,6,9,2,179900
1069,440,1069,1069,2,3,0,2,8,3,5,6,10,3,127500
848,420,848,848,1,0,2,0,11,2,5,6,13,6,136500
1575,432,2201,697,4,0,6,3,7,2,7,6,9,2,274970
1344,484,1344,1024,2,3,0,3,7,3,5,5,8,4,144000
1252,528,1252,1252,3,3,6,3,6,2,6,6,8,1,142000
1223,525,2127,1223,3,3,2,2,10,2,5,7,12,5,271000
1048,288,1558,913,3,3,1,3,7,3,6,5,7,0,140000
804,240,804,788,3,3,1,3,4,2,7,5,6,5,119000
1440,467,1440,1440,3,3,1,0,9,2,7,6,11,4,182900
734,372,1838,732,4,0,6,0,11,3,5,5,13,6,192140
958,440,958,958,2,3,3,2,8,3,6,6,10,3,143750
968,216,968,656,4,3,6,3,3,3,6,4,5,6,64500
962,451,1792,936,3,3,6,0,10,3,5,6,12,5,186500
1126,484,1126,1126,3,3,0,2,8,3,5,5,10,3,160000
1537,462,1537,1319,3,3,6,2,7,2,9,6,9,6,174000
864,528,864,864,3,3,0,3,8,3,6,4,10,3,120500
1932,774,1932,1932,2,0,2,0,11,0,5,8,13,6,394617
1236,923,1236,912,2,3,2,3,6,3,7,6,8,5,149700
1040,550,1725,539,3,3,2,2,8,3,6,7,10,3,197000
1423,672,2555,588,3,3,6,0,10,3,7,6,5,5,191000
848,420,848,848,1,0,2,2,11,2,5,6,13,6,149300
1026,812,2007,1017,3,0,2,3,11,0,5,10,13,6,310000
952,192,952,952,2,3,6,3,2,1,6,6,4,0,121000
1422,626,1422,1422,3,0,6,2,11,2,5,7,13,6,179600
913,240,913,814,3,1,3,3,9,3,5,6,9,2,129000
1188,312,1188,1188,3,3,6,3,7,3,7,5,9,2,157900
1220,556,2090,1220,3,3,2,2,10,2,5,8,12,5,240000
796,384,1346,560,2,3,6,3,5,3,7,4,3,5,112000
630,0,630,630,1,0,2,1,12,0,7,5,9,2,92000
896,0,1792,896,4,3,6,1,12,3,5,5,10,3,136000
1578,840,1578,1573,3,3,6,3,11,0,5,8,13,6,287090
1072,525,1072,547,2,1,2,0,11,3,5,5,13,6,145000
1140,0,1140,1140,3,3,6,1,12,3,5,5,13,6,84500
1221,400,1221,1221,2,3,2,2,11,2,5,7,13,6,185000
953,460,1647,953,3,3,6,2,10,3,5,6,12,5,175000
2073,500,2073,1542,3,3,0,3,8,3,6,6,10,4,210000
1188,252,2340,1152,4,3,2,2,5,2,9,7,7,6,266500
1078,240,1078,1078,2,2,6,3,5,2,6,5,7,5,142125
1256,276,1256,1256,3,3,1,0,7,3,6,5,9,2,147500
